cluster.index,Type,Saponin_Derived,Quinic_Acids_Deriv,Cinamic_Acid_Deriv,Flavones,Flavanol_Monomers,Flavan3ol_Monomers,Flavan3ol_Dimers,Other
2,In_Silico,1,0,0,0,0,0,0,0
3,In_Silico,0,0,0,0,0,0,0,1
5,In_Silico,1,0,0,0,0,0,0,0
6,In_Silico,1,0,0,0,0,0,0,0
8,In_Silico,1,0,0,0,0,0,0,0
9,In_Silico,1,0,0,0,0,0,0,0
10,Library_Match_adduct,1,0,0,0,0,0,0,0
11,In_Silico,0,0,0,0,0,0,0,1
12,Library_Match_exact,0,1,0,0,0,0,0,0
16,In_Silico,1,0,0,0,0,0,0,0
17,In_Silico,1,0,0,0,0,0,0,0
18,In_Silico,1,0,0,0,0,0,0,0
19,In_Silico,1,0,0,0,0,0,0,0
20,In_Silico,0,0,0,0,1,0,0,0
21,In_Silico,1,0,0,0,0,0,0,0
22,Library_Match_adduct,0,1,0,0,0,0,0,0
23,In_Silico,1,0,0,0,0,0,0,0
24,In_Silico,1,0,0,0,0,0,0,0
25,In_Silico,1,0,0,0,0,0,0,0
27,In_Silico,1,0,0,0,0,0,0,0
28,In_Silico,1,0,0,0,0,0,0,0
29,Library_Match_adduct,1,0,0,0,0,0,0,0
30,In_Silico,1,0,0,0,0,0,0,0
31,In_Silico,0,0,0,0,0,1,0,0
32,In_Silico,1,0,0,0,0,0,0,0
33,In_Silico,1,0,0,0,0,0,0,0
35,In_Silico,1,0,0,0,0,0,0,0
38,In_Silico,1,0,0,0,0,0,0,0
41,In_Silico,0,0,0,0,0,0,0,1
43,In_Silico,0,0,0,0,0,0,0,1
44,In_Silico,0,0,0,0,0,0,0,1
45,In_Silico,1,0,0,0,0,0,0,0
47,In_Silico,1,0,0,0,0,0,0,0
48,In_Silico,1,0,0,0,0,0,0,0
49,In_Silico,0,0,0,0,0,0,0,1
50,In_Silico,0,0,0,0,1,0,0,0
51,In_Silico,1,0,0,0,0,0,0,0
54,In_Silico,1,0,0,0,0,0,0,0
55,In_Silico,0,0,0,0,0,0,0,1
56,In_Silico,1,0,0,0,0,0,0,0
59,In_Silico,1,0,0,0,0,0,0,0
60,In_Silico,1,0,0,0,0,0,0,0
62,In_Silico,0,0,0,0,1,0,0,0
63,In_Silico,0,0,0,0,0,0,0,1
64,In_Silico,1,0,0,0,0,0,0,0
67,Library_Match_adduct,1,0,0,0,0,0,0,0
69,In_Silico,0,0,0,0,0,0,1,0
70,In_Silico,0,0,0,0,0,0,0,1
71,In_Silico,1,0,0,0,0,0,0,0
74,In_Silico,1,0,0,0,0,0,0,0
75,Library_Match_exact,0,1,0,0,0,0,0,0
76,Library_Match_exact,0,0,0,0,1,0,0,0
77,In_Silico,0,0,0,0,0,1,0,0
78,In_Silico,0,0,0,0,0,0,0,1
79,In_Silico,1,0,0,0,0,0,0,0
80,In_Silico,0,0,0,0,0,0,0,1
81,In_Silico,1,0,0,0,0,0,0,0
83,In_Silico,1,0,0,0,0,0,0,0
85,In_Silico,1,0,0,0,0,0,0,0
86,In_Silico,1,0,0,0,0,0,0,0
87,In_Silico,0,0,0,0,0,0,0,1
88,Library_Match_exact,0,0,0,0,0,1,0,0
90,In_Silico,0,0,0,0,0,0,0,1
91,In_Silico,1,0,0,0,0,0,0,0
92,In_Silico,0,0,0,0,0,0,0,1
93,In_Silico,1,0,0,0,0,0,0,0
94,In_Silico,0,0,0,0,0,0,0,1
95,Library_Match_exact,0,1,0,0,0,0,0,0
96,Known_MZ_RT_match,0,1,0,0,0,0,0,0
97,In_Silico,1,0,0,0,0,0,0,0
99,In_Silico,1,0,0,0,0,0,0,0
100,In_Silico,1,0,0,0,0,0,0,0
101,In_Silico,1,0,0,0,0,0,0,0
102,In_Silico,0,0,0,0,0,0,0,1
104,In_Silico,1,0,0,0,0,0,0,0
107,In_Silico,0,0,0,0,0,0,0,1
109,In_Silico,1,0,0,0,0,0,0,0
112,In_Silico,0,0,0,0,1,0,0,0
115,In_Silico,1,0,0,0,0,0,0,0
116,In_Silico,1,0,0,0,0,0,0,0
117,In_Silico,0,0,0,0,0,0,0,1
118,In_Silico,1,0,0,0,0,0,0,0
122,In_Silico,0,0,0,0,0,0,0,1
123,Known_MZ_RT_match,0,0,0,0,0,1,0,0
133,In_Silico,1,0,0,0,0,0,0,0
134,In_Silico,1,0,0,0,0,0,0,0
138,In_Silico,0,0,0,0,0,0,0,1
140,In_Silico,0,0,0,0,0,0,0,1
141,Library_Match_adduct,0,1,0,0,0,0,0,0
143,In_Silico,1,0,0,0,0,0,0,0
144,In_Silico,1,0,0,0,0,0,0,0
147,In_Silico,0,0,0,0,0,0,1,0
150,Library_Match_exact,0,0,0,0,0,0,1,0
151,In_Silico,1,0,0,0,0,0,0,0
152,In_Silico,0,0,0,0,0,0,0,1
157,Library_Match_adduct,0,0,0,0,0,0,0,1
161,In_Silico,0,0,0,0,0,0,0,1
162,In_Silico,0,0,0,0,0,0,0,1
163,Library_Match_exact,0,0,0,0,0,0,0,1
165,In_Silico,0,0,0,0,0,0,0,1
168,In_Silico,0,0,0,0,0,0,0,1
170,In_Silico,0,0,0,0,0,0,0,1
171,In_Silico,1,0,0,0,0,0,0,0
174,In_Silico,1,0,0,0,0,0,0,0
175,In_Silico,1,0,0,0,0,0,0,0
176,In_Silico,1,0,0,0,0,0,0,0
177,In_Silico,1,0,0,0,0,0,0,0
181,In_Silico,0,0,0,0,0,0,0,1
185,Library_Match_exact,0,1,0,0,0,0,0,0
190,In_Silico,1,0,0,0,0,0,0,0
197,In_Silico,0,0,0,0,0,0,0,1
198,In_Silico,1,0,0,0,0,0,0,0
199,In_Silico,0,0,0,0,0,0,0,1
201,In_Silico,0,0,0,0,0,0,0,1
203,In_Silico,1,0,0,0,0,0,0,0
207,In_Silico,1,0,0,0,0,0,0,0
209,In_Silico,0,0,0,0,0,0,0,1
211,In_Silico,0,0,0,0,0,0,0,1
213,In_Silico,0,0,0,0,0,0,0,1
215,In_Silico,1,0,0,0,0,0,0,0
220,In_Silico,0,0,0,0,0,0,0,1
222,In_Silico,0,0,0,0,0,0,0,1
223,In_Silico,0,0,0,0,0,0,0,1
224,In_Silico,1,0,0,0,0,0,0,0
227,In_Silico,1,0,0,0,0,0,0,0
229,In_Silico,0,0,0,0,1,0,0,0
231,In_Silico,0,0,0,0,1,0,0,0
232,In_Silico,1,0,0,0,0,0,0,0
238,In_Silico,1,0,0,0,0,0,0,0
239,In_Silico,0,0,0,0,0,0,0,1
243,Library_Match_adduct,0,0,0,0,0,0,0,1
244,In_Silico,0,0,0,0,0,0,0,1
245,In_Silico,0,0,0,0,0,0,0,1
246,In_Silico,0,0,0,0,0,0,0,1
248,In_Silico,0,0,0,0,0,0,0,1
250,In_Silico,0,0,0,0,0,0,0,1
251,Library_Match_exact,0,0,0,0,0,0,1,0
252,In_Silico,0,0,0,0,0,0,0,1
254,In_Silico,1,0,0,0,0,0,0,0
256,In_Silico,1,0,0,0,0,0,0,0
257,In_Silico,1,0,0,0,0,0,0,0
258,In_Silico,1,0,0,0,0,0,0,0
259,In_Silico,0,0,0,0,0,0,0,1
261,Library_Match_exact,0,0,0,0,0,0,1,0
263,In_Silico,1,0,0,0,0,0,0,0
265,In_Silico,0,0,0,0,0,0,0,1
267,In_Silico,0,0,0,0,0,0,0,1
273,In_Silico,0,0,0,0,0,0,0,1
274,In_Silico,0,0,0,0,1,0,0,0
275,In_Silico,0,0,0,0,0,0,0,1
276,In_Silico,0,0,0,0,0,0,0,1
280,In_Silico,1,0,0,0,0,0,0,0
282,In_Silico,0,0,0,0,1,0,0,0
283,In_Silico,1,0,0,0,0,0,0,0
284,In_Silico,0,0,0,0,0,0,0,1
285,Library_Match_exact,0,1,0,0,0,0,0,0
287,In_Silico,0,0,0,0,1,0,0,0
288,In_Silico,0,0,0,0,0,0,0,1
292,In_Silico,0,0,0,0,0,0,0,1
295,In_Silico,0,0,0,0,0,0,0,1
296,In_Silico,0,0,0,0,0,0,0,1
297,In_Silico,1,0,0,0,0,0,0,0
298,In_Silico,1,0,0,0,0,0,0,0
300,In_Silico,1,0,0,0,0,0,0,0
302,In_Silico,0,0,0,0,0,0,0,1
306,In_Silico,0,0,0,0,0,0,0,1
307,In_Silico,0,0,0,0,0,0,0,1
310,Library_Match_exact,0,1,0,0,0,0,0,0
311,In_Silico,0,0,0,0,0,1,0,0
312,In_Silico,1,0,0,0,0,0,0,0
313,In_Silico,1,0,0,0,0,0,0,0
316,Known_MZ_RT_match,0,0,0,0,0,1,0,0
319,In_Silico,1,0,0,0,0,0,0,0
320,In_Silico,0,0,0,0,1,0,0,0
321,In_Silico,1,0,0,0,0,0,0,0
322,In_Silico,0,0,0,0,0,0,0,1
323,In_Silico,0,0,0,0,0,1,0,0
324,In_Silico,0,0,0,0,0,0,1,0
325,In_Silico,1,0,0,0,0,0,0,0
329,In_Silico,1,0,0,0,0,0,0,0
332,In_Silico,0,0,0,1,0,0,0,0
333,In_Silico,1,0,0,0,0,0,0,0
339,In_Silico,0,0,0,0,1,0,0,0
340,Known_MZ_RT_match,0,0,0,0,1,0,0,0
343,Library_Match_adduct,0,0,0,0,0,0,0,1
349,In_Silico,1,0,0,0,0,0,0,0
350,In_Silico,1,0,0,0,0,0,0,0
352,In_Silico,0,0,0,0,0,0,0,1
355,In_Silico,1,0,0,0,0,0,0,0
358,In_Silico,1,0,0,0,0,0,0,0
362,In_Silico,1,0,0,0,0,0,0,0
363,In_Silico,1,0,0,0,0,0,0,0
365,In_Silico,1,0,0,0,0,0,0,0
367,In_Silico,1,0,0,0,0,0,0,0
371,In_Silico,0,0,0,0,0,0,0,1
374,In_Silico,0,0,0,0,0,0,0,1
377,In_Silico,1,0,0,0,0,0,0,0
378,In_Silico,1,0,0,0,0,0,0,0
379,In_Silico,1,0,0,0,0,0,0,0
381,In_Silico,0,0,0,0,1,0,0,0
383,In_Silico,1,0,0,0,0,0,0,0
387,In_Silico,0,0,0,0,0,0,0,1
388,In_Silico,0,0,0,0,0,0,1,0
390,Library_Match_adduct,0,0,0,0,1,0,0,0
392,In_Silico,0,0,0,0,1,0,0,0
395,Library_Match_exact,0,0,0,1,0,0,0,0
401,In_Silico,0,0,0,0,0,0,0,1
402,In_Silico,0,0,0,0,1,0,0,0
404,In_Silico,1,0,0,0,0,0,0,0
405,In_Silico,0,0,0,0,0,0,0,1
406,In_Silico,1,0,0,0,0,0,0,0
407,In_Silico,0,0,0,0,0,0,0,1
413,In_Silico,1,0,0,0,0,0,0,0
416,In_Silico,0,0,0,0,0,0,0,1
417,Library_Match_adduct,0,1,0,0,0,0,0,0
421,In_Silico,1,0,0,0,0,0,0,0
422,In_Silico,0,0,0,0,0,0,0,1
424,In_Silico,1,0,0,0,0,0,0,0
426,In_Silico,0,0,0,0,0,0,0,1
429,In_Silico,1,0,0,0,0,0,0,0
438,In_Silico,0,0,0,0,0,0,0,1
441,Library_Match_adduct,0,0,0,0,0,0,0,1
443,In_Silico,0,0,0,0,0,0,0,1
445,Library_Match_adduct,0,0,0,0,0,0,0,1
446,In_Silico,0,0,0,0,0,0,0,1
447,In_Silico,0,0,0,0,0,0,0,1
452,In_Silico,0,0,0,0,1,0,0,0
454,Library_Match_adduct,0,0,0,0,0,0,0,1
455,In_Silico,1,0,0,0,0,0,0,0
456,Library_Match_exact,0,0,0,1,0,0,0,0
458,In_Silico,0,0,0,0,0,0,0,1
460,In_Silico,1,0,0,0,0,0,0,0
470,In_Silico,0,0,0,0,0,0,0,1
472,In_Silico,0,0,0,0,0,0,0,1
473,In_Silico,1,0,0,0,0,0,0,0
476,In_Silico,1,0,0,0,0,0,0,0
482,In_Silico,1,0,0,0,0,0,0,0
486,In_Silico,1,0,0,0,0,0,0,0
488,In_Silico,0,0,0,0,0,1,0,0
489,Library_Match_exact,1,0,0,0,0,0,0,0
491,In_Silico,0,0,0,0,0,0,0,1
497,In_Silico,0,0,0,0,0,0,0,1
500,In_Silico,0,0,0,0,0,0,0,1
503,In_Silico,1,0,0,0,0,0,0,0
511,In_Silico,1,0,0,0,0,0,0,0
515,In_Silico,0,0,0,0,0,1,0,0
516,In_Silico,0,0,0,0,0,1,0,0
518,In_Silico,1,0,0,0,0,0,0,0
521,In_Silico,0,0,0,0,1,0,0,0
522,In_Silico,1,0,0,0,0,0,0,0
523,In_Silico,0,0,0,0,0,0,0,1
530,In_Silico,0,0,0,0,0,0,1,0
531,In_Silico,1,0,0,0,0,0,0,0
532,In_Silico,0,0,0,0,0,0,0,1
533,In_Silico,0,0,0,0,0,0,0,1
538,In_Silico,1,0,0,0,0,0,0,0
539,In_Silico,0,0,0,0,0,0,0,1
543,In_Silico,1,0,0,0,0,0,0,0
544,In_Silico,1,0,0,0,0,0,0,0
545,In_Silico,1,0,0,0,0,0,0,0
546,In_Silico,0,0,0,0,0,0,0,1
547,Library_Match_exact,0,1,0,0,0,0,0,0
549,In_Silico,0,0,0,0,0,1,0,0
552,In_Silico,1,0,0,0,0,0,0,0
555,In_Silico,0,0,0,0,1,0,0,0
556,In_Silico,0,0,0,0,0,1,0,0
558,In_Silico,0,0,0,0,0,0,0,1
561,In_Silico,1,0,0,0,0,0,0,0
563,In_Silico,0,0,0,0,0,0,0,1
564,In_Silico,0,0,0,0,0,0,0,1
565,In_Silico,1,0,0,0,0,0,0,0
567,In_Silico,0,0,0,0,0,0,0,1
568,In_Silico,0,0,0,0,0,0,1,0
570,Library_Match_exact,0,0,0,0,1,0,0,0
572,Library_Match_exact,0,0,0,0,0,1,0,0
574,In_Silico,1,0,0,0,0,0,0,0
576,Library_Match_exact,0,0,0,0,0,1,0,0
577,In_Silico,1,0,0,0,0,0,0,0
578,In_Silico,0,0,0,0,0,0,0,1
583,In_Silico,0,0,0,0,0,0,0,1
584,In_Silico,1,0,0,0,0,0,0,0
586,In_Silico,0,0,0,0,0,0,0,1
589,In_Silico,0,0,0,0,0,1,0,0
590,In_Silico,1,0,0,0,0,0,0,0
592,In_Silico,1,0,0,0,0,0,0,0
595,In_Silico,0,0,0,0,0,0,0,1
597,In_Silico,0,0,0,0,1,0,0,0
598,Library_Match_adduct,0,0,0,0,0,0,0,1
600,In_Silico,1,0,0,0,0,0,0,0
604,Library_Match_exact,0,1,0,0,0,0,0,0
606,In_Silico,0,0,0,0,1,0,0,0
608,In_Silico,0,0,0,0,0,0,0,1
611,In_Silico,0,0,0,0,0,0,0,1
613,Library_Match_exact,0,0,0,1,0,0,0,0
616,In_Silico,1,0,0,0,0,0,0,0
620,In_Silico,0,0,0,1,0,0,0,0
621,In_Silico,0,0,0,0,0,0,0,1
622,Library_Match_exact,0,0,0,0,0,0,0,1
623,In_Silico,0,0,0,0,0,0,0,1
624,In_Silico,0,0,0,0,1,0,0,0
630,In_Silico,1,0,0,0,0,0,0,0
631,In_Silico,0,0,0,0,0,0,0,1
633,In_Silico,1,0,0,0,0,0,0,0
635,In_Silico,0,0,0,0,0,0,0,1
637,In_Silico,1,0,0,0,0,0,0,0
638,In_Silico,1,0,0,0,0,0,0,0
640,In_Silico,0,0,0,0,1,0,0,0
645,In_Silico,0,0,0,0,0,0,0,1
646,In_Silico,1,0,0,0,0,0,0,0
647,In_Silico,0,0,0,0,0,1,0,0
648,Library_Match_exact,0,1,0,0,0,0,0,0
650,In_Silico,0,0,0,0,0,0,0,1
652,In_Silico,0,0,0,0,0,0,0,1
653,Library_Match_exact,0,0,0,0,0,0,1,0
654,Library_Match_exact,0,0,0,0,1,0,0,0
656,In_Silico,0,0,0,0,0,0,0,1
658,In_Silico,1,0,0,0,0,0,0,0
659,In_Silico,1,0,0,0,0,0,0,0
663,In_Silico,1,0,0,0,0,0,0,0
665,In_Silico,0,0,0,0,0,0,0,1
669,In_Silico,1,0,0,0,0,0,0,0
670,In_Silico,1,0,0,0,0,0,0,0
671,In_Silico,1,0,0,0,0,0,0,0
675,In_Silico,0,0,0,0,0,0,0,1
677,In_Silico,1,0,0,0,0,0,0,0
678,Library_Match_exact,0,0,0,0,0,0,1,0
679,In_Silico,1,0,0,0,0,0,0,0
682,In_Silico,0,0,0,0,0,0,0,1
685,In_Silico,1,0,0,0,0,0,0,0
690,In_Silico,0,0,0,0,0,0,0,1
691,In_Silico,0,0,0,0,0,1,0,0
692,In_Silico,0,0,0,0,0,0,0,1
697,In_Silico,0,0,0,0,0,0,0,1
698,In_Silico,0,0,0,0,0,0,0,1
699,In_Silico,1,0,0,0,0,0,0,0
702,In_Silico,0,0,0,0,1,0,0,0
704,In_Silico,0,0,0,0,0,0,0,1
706,In_Silico,1,0,0,0,0,0,0,0
710,In_Silico,1,0,0,0,0,0,0,0
711,In_Silico,0,0,0,0,0,0,0,1
712,In_Silico,0,0,0,0,0,0,0,1
716,In_Silico,1,0,0,0,0,0,0,0
721,In_Silico,0,0,0,0,0,0,0,1
723,Library_Match_exact,0,0,0,0,0,0,0,1
725,In_Silico,0,0,0,0,0,0,0,1
728,In_Silico,0,0,0,0,0,0,0,1
730,In_Silico,1,0,0,0,0,0,0,0
731,In_Silico,1,0,0,0,0,0,0,0
732,In_Silico,1,0,0,0,0,0,0,0
734,In_Silico,0,0,0,0,0,0,0,1
736,In_Silico,1,0,0,0,0,0,0,0
737,In_Silico,0,0,0,0,0,0,0,1
742,In_Silico,1,0,0,0,0,0,0,0
747,In_Silico,1,0,0,0,0,0,0,0
756,In_Silico,0,0,0,0,0,1,0,0
758,In_Silico,0,0,0,0,0,0,0,1
760,In_Silico,1,0,0,0,0,0,0,0
761,In_Silico,0,0,0,1,0,0,0,0
762,In_Silico,1,0,0,0,0,0,0,0
763,In_Silico,1,0,0,0,0,0,0,0
764,In_Silico,1,0,0,0,0,0,0,0
765,Library_Match_exact,0,0,0,0,0,0,0,1
766,In_Silico,1,0,0,0,0,0,0,0
767,In_Silico,0,0,0,0,1,0,0,0
773,Library_Match_adduct,0,0,0,0,0,0,0,1
774,In_Silico,0,0,0,0,0,1,0,0
775,In_Silico,0,0,0,0,0,0,0,1
776,In_Silico,0,0,0,0,0,1,0,0
778,In_Silico,0,0,0,0,0,0,1,0
780,In_Silico,1,0,0,0,0,0,0,0
781,In_Silico,1,0,0,0,0,0,0,0
782,In_Silico,1,0,0,0,0,0,0,0
784,In_Silico,0,0,0,0,0,0,0,1
786,In_Silico,0,0,0,0,0,0,1,0
790,Library_Match_exact,0,0,0,0,0,0,0,1
792,In_Silico,1,0,0,0,0,0,0,0
793,In_Silico,1,0,0,0,0,0,0,0
796,In_Silico,1,0,0,0,0,0,0,0
797,In_Silico,0,0,0,0,0,0,0,1
801,Library_Match_adduct,0,0,0,0,0,0,0,1
806,In_Silico,0,0,0,1,0,0,0,0
810,Library_Match_adduct,0,1,0,0,0,0,0,0
812,In_Silico,0,0,0,0,0,0,0,1
815,In_Silico,0,0,0,0,0,0,0,1
817,In_Silico,0,0,0,0,0,0,0,1
822,In_Silico,0,0,0,0,0,0,1,0
823,In_Silico,0,0,0,0,0,0,0,1
824,In_Silico,0,0,0,0,0,0,0,1
827,In_Silico,0,0,0,0,0,0,0,1
828,In_Silico,1,0,0,0,0,0,0,0
834,In_Silico,1,0,0,0,0,0,0,0
835,Library_Match_exact,0,0,0,0,0,1,0,0
836,Library_Match_exact,0,0,0,0,1,0,0,0
837,Library_Match_exact,0,0,0,0,1,0,0,0
838,In_Silico,0,0,0,0,1,0,0,0
845,In_Silico,1,0,0,0,0,0,0,0
846,In_Silico,0,0,0,0,0,0,0,1
849,Library_Match_exact,0,0,0,1,0,0,0,0
853,In_Silico,1,0,0,0,0,0,0,0
856,In_Silico,1,0,0,0,0,0,0,0
857,In_Silico,0,0,0,0,0,0,0,1
858,In_Silico,0,0,0,0,1,0,0,0
860,In_Silico,0,0,0,0,0,0,0,1
861,In_Silico,1,0,0,0,0,0,0,0
862,In_Silico,1,0,0,0,0,0,0,0
869,Library_Match_exact,0,0,0,0,0,0,0,1
874,In_Silico,1,0,0,0,0,0,0,0
878,In_Silico,0,0,0,0,1,0,0,0
879,In_Silico,0,0,0,0,0,1,0,0
880,Library_Match_adduct,0,0,0,1,0,0,0,0
884,In_Silico,0,0,0,0,0,0,1,0
886,In_Silico,0,0,0,0,0,0,0,1
889,In_Silico,0,0,0,0,0,0,0,1
890,In_Silico,0,0,0,0,0,0,0,1
892,Library_Match_exact,0,0,0,1,0,0,0,0
894,In_Silico,0,0,0,0,0,0,0,1
895,Library_Match_adduct,0,1,0,0,0,0,0,0
896,In_Silico,1,0,0,0,0,0,0,0
899,Library_Match_adduct,0,0,0,0,0,0,1,0
900,In_Silico,0,0,0,0,0,0,0,1
903,In_Silico,1,0,0,0,0,0,0,0
905,In_Silico,0,0,0,0,0,0,0,1
907,In_Silico,0,0,0,0,1,0,0,0
909,Library_Match_exact,0,0,0,0,0,0,1,0
916,In_Silico,0,0,0,0,0,0,0,1
924,In_Silico,0,0,0,0,1,0,0,0
933,Library_Match_exact,0,0,0,0,1,0,0,0
940,In_Silico,0,0,0,0,0,0,0,1
944,In_Silico,1,0,0,0,0,0,0,0
945,Library_Match_exact,0,0,0,1,0,0,0,0
949,In_Silico,0,0,0,0,0,0,0,1
950,In_Silico,0,0,0,0,0,0,0,1
955,In_Silico,1,0,0,0,0,0,0,0
957,In_Silico,0,0,0,0,0,0,0,1
958,In_Silico,1,0,0,0,0,0,0,0
961,In_Silico,0,0,0,0,0,0,0,1
962,In_Silico,0,0,0,0,0,0,0,1
965,In_Silico,1,0,0,0,0,0,0,0
968,In_Silico,1,0,0,0,0,0,0,0
969,Library_Match_exact,0,0,0,0,0,0,0,1
971,Library_Match_exact,1,0,0,0,0,0,0,0
973,In_Silico,0,0,0,0,0,0,0,1
974,Library_Match_adduct,0,0,0,0,0,0,0,1
975,Library_Match_adduct,0,0,0,0,0,0,0,1
977,In_Silico,1,0,0,0,0,0,0,0
980,In_Silico,0,0,0,0,0,0,0,1
983,In_Silico,0,0,0,0,0,0,0,1
986,In_Silico,0,0,0,0,0,0,0,1
987,In_Silico,0,0,0,0,0,1,0,0
995,In_Silico,0,0,0,0,0,1,0,0
996,In_Silico,0,0,0,0,0,0,1,0
999,In_Silico,0,0,0,0,0,0,0,1
1006,In_Silico,0,0,0,0,0,0,1,0
1009,In_Silico,0,0,0,0,0,0,1,0
1013,Library_Match_adduct,0,0,0,0,1,0,0,0
1018,In_Silico,0,0,0,0,0,0,0,1
1019,In_Silico,1,0,0,0,0,0,0,0
1020,In_Silico,0,1,0,0,0,0,0,0
1021,In_Silico,0,0,0,0,0,0,1,0
1024,In_Silico,0,0,0,0,0,0,0,1
1026,In_Silico,0,0,0,0,0,0,0,1
1031,In_Silico,1,0,0,0,0,0,0,0
1032,In_Silico,1,0,0,0,0,0,0,0
1036,In_Silico,1,0,0,0,0,0,0,0
1037,Library_Match_exact,0,1,0,0,0,0,0,0
1041,In_Silico,1,0,0,0,0,0,0,0
1042,In_Silico,0,0,0,0,0,0,0,1
1044,Library_Match_adduct,0,0,0,0,0,0,0,1
1046,In_Silico,0,0,0,0,1,0,0,0
1047,In_Silico,0,0,0,0,0,0,0,1
1049,In_Silico,1,0,0,0,0,0,0,0
1053,In_Silico,0,0,0,0,0,0,0,1
1055,In_Silico,0,0,0,0,1,0,0,0
1056,In_Silico,0,0,0,0,0,0,0,1
1057,In_Silico,1,0,0,0,0,0,0,0
1058,In_Silico,1,0,0,0,0,0,0,0
1062,In_Silico,0,0,0,0,1,0,0,0
1067,In_Silico,0,0,0,0,0,0,0,1
1068,In_Silico,0,0,0,0,0,0,0,1
1072,In_Silico,1,0,0,0,0,0,0,0
1074,In_Silico,1,0,0,0,0,0,0,0
1075,In_Silico,0,0,0,0,0,0,0,1
1076,Library_Match_exact,0,0,0,0,0,0,1,0
1077,In_Silico,1,0,0,0,0,0,0,0
1078,In_Silico,1,0,0,0,0,0,0,0
1079,In_Silico,1,0,0,0,0,0,0,0
1080,In_Silico,1,0,0,0,0,0,0,0
1082,In_Silico,1,0,0,0,0,0,0,0
1083,In_Silico,0,0,0,0,0,0,0,1
1084,In_Silico,1,0,0,0,0,0,0,0
1086,In_Silico,0,0,0,0,0,0,0,1
1088,In_Silico,0,0,0,0,0,0,0,1
1090,In_Silico,1,0,0,0,0,0,0,0
1091,In_Silico,0,0,0,0,0,0,0,1
1092,In_Silico,0,0,0,0,0,0,1,0
1095,In_Silico,0,0,0,0,0,0,1,0
1099,In_Silico,1,0,0,0,0,0,0,0
1102,In_Silico,1,0,0,0,0,0,0,0
1103,In_Silico,0,0,0,0,0,0,0,1
1107,In_Silico,0,0,0,0,0,0,1,0
1109,In_Silico,1,0,0,0,0,0,0,0
1111,In_Silico,1,0,0,0,0,0,0,0
1112,In_Silico,1,0,0,0,0,0,0,0
1113,In_Silico,0,0,0,0,0,0,0,1
1122,In_Silico,1,0,0,0,0,0,0,0
1123,In_Silico,0,0,0,0,0,0,1,0
1127,In_Silico,1,0,0,0,0,0,0,0
1128,In_Silico,0,0,0,0,0,0,0,1
1130,In_Silico,1,0,0,0,0,0,0,0
1132,In_Silico,0,0,0,0,0,0,0,1
1136,In_Silico,0,0,0,0,0,0,0,1
1138,In_Silico,0,0,0,0,0,0,0,1
1140,Library_Match_adduct,0,0,0,0,0,0,0,1
1142,In_Silico,1,0,0,0,0,0,0,0
1146,Library_Match_adduct,0,0,0,0,0,0,0,1
1148,In_Silico,0,0,0,0,0,0,0,1
1152,In_Silico,0,0,0,0,0,1,0,0
1158,In_Silico,1,0,0,0,0,0,0,0
1159,In_Silico,0,0,0,0,0,0,0,1
1161,In_Silico,0,0,0,0,0,0,1,0
1165,In_Silico,0,0,0,0,0,0,0,1
1172,In_Silico,0,0,0,0,0,0,0,1
1173,In_Silico,1,0,0,0,0,0,0,0
1174,In_Silico,0,0,0,0,0,0,0,1
1175,In_Silico,0,0,0,0,0,0,0,1
1178,In_Silico,0,0,0,0,0,1,0,0
1181,In_Silico,1,0,0,0,0,0,0,0
1182,In_Silico,0,0,0,0,0,0,0,1
1183,In_Silico,0,0,0,0,0,0,1,0
1184,In_Silico,1,0,0,0,0,0,0,0
1187,In_Silico,0,0,0,0,0,0,0,1
1189,Library_Match_exact,0,0,0,0,0,0,0,1
1190,In_Silico,0,0,0,0,0,0,0,1
1192,In_Silico,0,0,0,1,0,0,0,0
1193,In_Silico,0,0,0,0,0,0,0,1
1194,In_Silico,1,0,0,0,0,0,0,0
1195,In_Silico,0,0,0,0,0,0,0,1
1200,In_Silico,0,0,0,0,0,0,0,1
1204,In_Silico,1,0,0,0,0,0,0,0
1206,In_Silico,0,0,0,0,1,0,0,0
1212,In_Silico,1,0,0,0,0,0,0,0
1213,Library_Match_exact,0,0,0,0,0,0,1,0
1220,In_Silico,0,0,0,0,1,0,0,0
1222,In_Silico,1,0,0,0,0,0,0,0
1223,In_Silico,0,0,0,0,0,0,0,1
1224,In_Silico,0,0,0,0,0,0,0,1
1225,In_Silico,0,0,0,0,0,0,0,1
1238,In_Silico,0,0,0,0,0,0,0,1
1239,Library_Match_adduct,0,1,0,0,0,0,0,0
1243,In_Silico,1,0,0,0,0,0,0,0
1244,In_Silico,0,0,0,0,0,0,0,1
1246,In_Silico,0,0,0,0,0,0,0,1
1253,In_Silico,0,0,0,0,0,0,1,0
1255,In_Silico,1,0,0,0,0,0,0,0
1258,In_Silico,0,0,0,0,0,0,0,1
1259,In_Silico,0,0,0,0,0,0,0,1
1262,Library_Match_adduct,0,0,0,0,0,0,0,1
1273,In_Silico,0,0,0,0,0,0,0,1
1275,In_Silico,0,0,0,0,0,0,0,1
1279,In_Silico,0,0,0,0,1,0,0,0
1283,In_Silico,0,0,0,0,0,0,0,1
1288,In_Silico,0,0,0,0,0,0,0,1
1295,In_Silico,0,0,0,0,0,0,0,1
1298,In_Silico,0,0,0,0,0,0,0,1
1301,In_Silico,0,0,0,0,0,0,1,0
1303,In_Silico,0,0,0,0,0,0,1,0
1304,In_Silico,1,0,0,0,0,0,0,0
1305,In_Silico,0,0,0,0,0,0,0,1
1306,In_Silico,0,0,0,0,0,0,0,1
1307,Library_Match_adduct,0,0,0,0,0,0,0,1
1310,Known_MZ_RT_match,0,0,0,0,0,1,0,0
1312,In_Silico,0,0,0,0,1,0,0,0
1313,In_Silico,1,0,0,0,0,0,0,0
1316,In_Silico,0,0,0,0,0,0,0,1
1319,In_Silico,0,0,0,0,0,0,0,1
1321,In_Silico,1,0,0,0,0,0,0,0
1322,In_Silico,0,0,0,1,0,0,0,0
1323,In_Silico,0,0,0,0,0,0,0,1
1326,In_Silico,0,0,0,0,0,0,0,1
1328,In_Silico,0,0,0,0,0,0,0,1
1330,In_Silico,1,0,0,0,0,0,0,0
1333,In_Silico,1,0,0,0,0,0,0,0
1337,In_Silico,0,0,0,0,1,0,0,0
1340,In_Silico,1,0,0,0,0,0,0,0
1344,In_Silico,0,0,0,0,0,0,0,1
1348,Library_Match_adduct,0,0,0,0,0,0,0,1
1349,In_Silico,0,0,0,0,0,0,0,1
1351,In_Silico,0,0,0,0,0,0,0,1
1352,In_Silico,1,0,0,0,0,0,0,0
1354,Library_Match_adduct,0,0,0,0,0,0,1,0
1358,In_Silico,1,0,0,0,0,0,0,0
1359,In_Silico,0,0,0,0,0,0,0,1
1361,In_Silico,0,0,0,0,0,0,0,1
1362,In_Silico,0,0,0,0,0,0,0,1
1365,In_Silico,0,0,0,0,0,0,0,1
1376,In_Silico,1,0,0,0,0,0,0,0
1380,In_Silico,0,0,0,0,0,1,0,0
1382,In_Silico,1,0,0,0,0,0,0,0
1384,In_Silico,0,0,0,0,1,0,0,0
1385,In_Silico,0,0,0,0,0,0,0,1
1388,In_Silico,0,0,0,0,0,0,0,1
1390,In_Silico,0,0,0,0,0,0,0,1
1391,In_Silico,1,0,0,0,0,0,0,0
1394,In_Silico,0,0,0,0,0,0,0,1
1395,In_Silico,0,0,0,0,0,0,1,0
1396,In_Silico,0,0,0,0,0,0,0,1
1397,Library_Match_adduct,0,0,0,0,0,0,1,0
1401,In_Silico,1,0,0,0,0,0,0,0
1406,In_Silico,0,0,0,0,0,0,0,1
1408,In_Silico,0,0,0,0,0,1,0,0
1416,In_Silico,0,0,0,0,0,0,0,1
1421,In_Silico,0,0,0,0,0,1,0,0
1425,In_Silico,0,0,0,0,0,0,0,1
1428,Library_Match_adduct,0,0,0,0,0,0,0,1
1433,In_Silico,0,0,0,0,0,0,0,1
1437,In_Silico,1,0,0,0,0,0,0,0
1439,In_Silico,0,0,0,1,0,0,0,0
1445,In_Silico,0,0,0,0,0,0,0,1
1446,In_Silico,0,0,0,0,0,0,0,1
1454,Library_Match_exact,0,0,0,0,0,0,0,1
1456,In_Silico,1,0,0,0,0,0,0,0
1457,In_Silico,1,0,0,0,0,0,0,0
1458,In_Silico,0,0,0,0,0,0,0,1
1460,In_Silico,0,0,0,1,0,0,0,0
1461,In_Silico,0,0,0,0,0,0,1,0
1462,In_Silico,0,0,0,0,0,0,0,1
1466,In_Silico,1,0,0,0,0,0,0,0
1476,In_Silico,0,0,0,0,0,0,0,1
1477,In_Silico,0,0,0,0,0,0,0,1
1478,In_Silico,0,0,0,0,0,0,0,1
1480,Library_Match_exact,0,0,0,0,0,0,0,1
1483,Library_Match_exact,0,0,0,0,1,0,0,0
1490,Library_Match_adduct,0,0,0,0,0,0,0,1
1491,In_Silico,0,0,0,0,0,0,0,1
1494,In_Silico,0,0,0,0,0,0,0,1
1495,In_Silico,0,0,0,0,0,0,0,1
1497,In_Silico,1,0,0,0,0,0,0,0
1498,In_Silico,1,0,0,0,0,0,0,0
1500,Library_Match_adduct,0,0,0,0,0,0,0,1
1503,Library_Match_adduct,0,0,0,0,0,0,0,1
1507,In_Silico,0,0,0,0,0,1,0,0
1511,In_Silico,1,0,0,0,0,0,0,0
1513,In_Silico,0,0,0,0,1,0,0,0
1517,In_Silico,0,0,0,0,0,0,0,1
1521,In_Silico,1,0,0,0,0,0,0,0
1522,In_Silico,0,0,0,0,0,0,0,1
1524,In_Silico,0,0,0,1,0,0,0,0
1525,In_Silico,0,0,0,0,0,0,0,1
1528,In_Silico,0,0,0,0,0,0,0,1
1530,In_Silico,0,0,0,0,0,0,1,0
1531,In_Silico,1,0,0,0,0,0,0,0
1532,In_Silico,0,0,0,0,0,0,0,1
1534,In_Silico,0,0,0,0,0,0,0,1
1535,In_Silico,0,0,0,0,0,0,0,1
1537,In_Silico,0,0,0,0,0,1,0,0
1539,Library_Match_exact,0,0,0,0,0,0,0,1
1545,In_Silico,0,0,0,0,0,1,0,0
1547,Library_Match_exact,1,0,0,0,0,0,0,0
1552,In_Silico,1,0,0,0,0,0,0,0
1553,In_Silico,0,0,0,0,0,0,1,0
1555,In_Silico,0,0,0,0,0,0,0,1
1558,Library_Match_adduct,1,0,0,0,0,0,0,0
1560,In_Silico,0,0,0,0,0,0,0,1
1565,In_Silico,0,0,0,0,0,0,0,1
1567,In_Silico,0,0,0,0,0,0,0,1
1570,In_Silico,0,0,0,0,0,0,0,1
1571,In_Silico,0,0,0,0,0,0,0,1
1573,Library_Match_adduct,0,0,0,0,1,0,0,0
1574,In_Silico,0,0,0,0,0,0,0,1
1575,Library_Match_adduct,0,0,0,0,0,0,0,1
1578,In_Silico,1,0,0,0,0,0,0,0
1582,In_Silico,0,0,0,0,0,0,0,1
1583,In_Silico,0,0,0,0,0,0,0,1
1584,In_Silico,0,0,0,0,0,0,0,1
1586,In_Silico,0,0,0,0,0,0,0,1
1587,In_Silico,1,0,0,0,0,0,0,0
1588,In_Silico,0,0,0,0,0,0,0,1
1591,In_Silico,1,0,0,0,0,0,0,0
1599,In_Silico,1,0,0,0,0,0,0,0
1607,In_Silico,1,0,0,0,0,0,0,0
1610,In_Silico,0,0,0,0,0,0,0,1
1613,In_Silico,1,0,0,0,0,0,0,0
1615,In_Silico,1,0,0,0,0,0,0,0
1618,In_Silico,0,0,0,0,0,0,1,0
1622,In_Silico,0,0,0,0,0,0,0,1
1626,In_Silico,0,0,0,0,0,0,0,1
1627,In_Silico,0,0,0,0,0,0,0,1
1628,In_Silico,0,0,0,0,0,1,0,0
1630,In_Silico,0,0,0,0,0,0,0,1
1631,In_Silico,0,0,0,0,0,0,0,1
1633,In_Silico,1,0,0,0,0,0,0,0
1636,In_Silico,0,0,0,1,0,0,0,0
1638,In_Silico,1,0,0,0,0,0,0,0
1640,In_Silico,0,0,0,0,0,0,0,1
1641,In_Silico,1,0,0,0,0,0,0,0
1646,In_Silico,0,0,0,0,0,0,0,1
1647,In_Silico,0,0,0,0,0,0,0,1
1648,Library_Match_exact,0,0,0,0,0,0,0,1
1652,In_Silico,0,0,0,0,0,0,0,1
1653,In_Silico,1,0,0,0,0,0,0,0
1655,In_Silico,0,0,0,0,0,0,0,1
1657,In_Silico,0,0,0,0,0,0,0,1
1660,Library_Match_adduct,0,1,0,0,0,0,0,0
1663,In_Silico,0,0,0,0,1,0,0,0
1664,In_Silico,1,0,0,0,0,0,0,0
1665,In_Silico,0,0,0,0,0,0,1,0
1677,In_Silico,0,0,0,0,0,0,0,1
1678,In_Silico,0,0,0,0,0,0,0,1
1683,In_Silico,1,0,0,0,0,0,0,0
1686,In_Silico,0,0,0,0,0,0,0,1
1687,In_Silico,0,0,0,0,0,0,0,1
1689,In_Silico,0,0,0,0,0,0,0,1
1690,In_Silico,0,0,0,0,0,0,0,1
1691,In_Silico,1,0,0,0,0,0,0,0
1692,In_Silico,0,0,0,0,0,0,0,1
1693,In_Silico,0,0,0,0,0,0,0,1
1695,In_Silico,0,0,0,0,0,0,0,1
1700,In_Silico,0,0,0,0,1,0,0,0
1701,In_Silico,1,0,0,0,0,0,0,0
1702,In_Silico,0,0,0,0,0,0,0,1
1706,In_Silico,0,0,0,0,1,0,0,0
1707,In_Silico,0,0,0,0,0,1,0,0
1712,In_Silico,0,0,0,0,0,0,1,0
1715,In_Silico,1,0,0,0,0,0,0,0
1716,In_Silico,0,0,0,0,0,0,0,1
1721,In_Silico,1,0,0,0,0,0,0,0
1723,In_Silico,0,0,0,0,0,1,0,0
1724,In_Silico,0,0,0,0,0,0,1,0
1725,In_Silico,0,0,0,0,0,0,0,1
1732,In_Silico,0,0,0,0,0,0,0,1
1737,In_Silico,1,0,0,0,0,0,0,0
1740,Library_Match_exact,0,0,0,1,0,0,0,0
1743,In_Silico,0,0,0,0,0,0,0,1
1747,In_Silico,0,0,0,0,0,0,0,1
1748,In_Silico,0,0,0,0,0,0,0,1
1749,In_Silico,0,0,0,0,0,0,1,0
1750,Library_Match_adduct,0,0,0,0,1,0,0,0
1751,Library_Match_exact,0,0,0,0,0,0,0,1
1753,In_Silico,0,0,0,0,0,0,0,1
1755,In_Silico,0,0,0,0,0,0,0,1
1760,In_Silico,1,0,0,0,0,0,0,0
1762,In_Silico,0,0,0,0,1,0,0,0
1765,In_Silico,1,0,0,0,0,0,0,0
1778,In_Silico,0,0,0,0,0,0,0,1
1780,In_Silico,0,0,0,0,0,0,0,1
1782,In_Silico,0,0,0,0,1,0,0,0
1787,In_Silico,1,0,0,0,0,0,0,0
1791,In_Silico,1,0,0,0,0,0,0,0
1792,In_Silico,1,0,0,0,0,0,0,0
1794,In_Silico,0,0,0,0,0,0,0,1
1798,In_Silico,1,0,0,0,0,0,0,0
1808,In_Silico,0,0,0,0,0,0,0,1
1809,In_Silico,1,0,0,0,0,0,0,0
1811,Library_Match_adduct,0,0,0,0,0,0,0,1
1813,Library_Match_adduct,0,0,0,0,1,0,0,0
1820,In_Silico,0,0,0,0,0,0,0,1
1821,In_Silico,0,0,0,0,0,0,0,1
1822,In_Silico,1,0,0,0,0,0,0,0
1823,In_Silico,0,0,0,0,0,0,0,1
1824,In_Silico,1,0,0,0,0,0,0,0
1825,In_Silico,0,0,0,0,0,1,0,0
1826,Library_Match_exact,0,0,0,0,0,0,1,0
1830,In_Silico,1,0,0,0,0,0,0,0
1832,In_Silico,0,0,0,0,1,0,0,0
1835,In_Silico,0,0,0,0,0,0,0,1
1836,In_Silico,1,0,0,0,0,0,0,0
1837,In_Silico,0,0,0,0,0,0,0,1
1838,In_Silico,0,0,0,0,0,0,0,1
1839,In_Silico,0,0,0,0,0,0,0,1
1843,In_Silico,1,0,0,0,0,0,0,0
1844,In_Silico,1,0,0,0,0,0,0,0
1845,In_Silico,1,0,0,0,0,0,0,0
1847,In_Silico,0,0,0,0,0,0,0,1
1853,In_Silico,0,0,0,0,0,1,0,0
1861,In_Silico,0,0,0,0,0,0,0,1
1863,In_Silico,0,0,0,0,0,0,0,1
1864,In_Silico,1,0,0,0,0,0,0,0
1868,In_Silico,1,0,0,0,0,0,0,0
1869,In_Silico,0,0,0,1,0,0,0,0
1870,In_Silico,0,0,0,0,0,0,0,1
1872,In_Silico,0,0,0,0,0,0,0,1
1873,In_Silico,0,0,0,0,0,0,0,1
1875,In_Silico,0,0,0,0,0,0,0,1
1876,In_Silico,0,0,0,0,0,1,0,0
1879,In_Silico,1,0,0,0,0,0,0,0
1882,In_Silico,1,0,0,0,0,0,0,0
1885,In_Silico,0,0,0,0,0,0,0,1
1889,In_Silico,0,0,0,0,0,0,0,1
1891,In_Silico,0,0,0,0,0,0,1,0
1902,In_Silico,0,1,0,0,0,0,0,0
1903,In_Silico,0,0,0,0,0,0,0,1
1906,In_Silico,0,0,0,0,0,1,0,0
1907,In_Silico,0,0,0,0,0,0,0,1
1909,In_Silico,0,0,0,0,1,0,0,0
1911,In_Silico,0,0,0,0,0,0,0,1
1912,In_Silico,1,0,0,0,0,0,0,0
1915,Library_Match_exact,0,0,0,0,0,0,0,1
1917,In_Silico,0,0,0,0,0,0,0,1
1919,Library_Match_adduct,0,1,0,0,0,0,0,0
1929,In_Silico,1,0,0,0,0,0,0,0
1930,In_Silico,1,0,0,0,0,0,0,0
1933,In_Silico,1,0,0,0,0,0,0,0
1936,In_Silico,0,0,0,0,0,0,0,1
1941,Library_Match_exact,0,0,0,1,0,0,0,0
1942,In_Silico,0,0,0,0,0,0,0,1
1943,In_Silico,0,0,0,0,0,0,0,1
1945,In_Silico,0,0,0,0,0,0,0,1
1946,In_Silico,0,0,0,0,0,1,0,0
1947,In_Silico,0,0,0,0,0,0,0,1
1948,In_Silico,0,0,0,0,0,0,0,1
1959,In_Silico,1,0,0,0,0,0,0,0
1961,In_Silico,0,0,0,0,0,0,0,1
1965,In_Silico,0,0,0,0,0,0,0,1
1966,Library_Match_adduct,0,0,0,0,0,0,0,1
1967,In_Silico,0,0,0,0,0,0,0,1
1970,In_Silico,0,0,0,0,0,0,0,1
1972,In_Silico,0,0,0,0,0,0,0,1
1977,In_Silico,0,0,0,0,0,0,0,1
1982,In_Silico,0,0,0,0,0,0,0,1
1983,In_Silico,0,0,0,0,0,0,0,1
1985,In_Silico,1,0,0,0,0,0,0,0
1986,Library_Match_adduct,0,0,0,0,0,0,1,0
1988,In_Silico,0,0,0,0,0,1,0,0
2001,In_Silico,0,0,0,0,0,0,0,1
2003,In_Silico,0,0,0,0,0,0,0,1
2005,In_Silico,1,0,0,0,0,0,0,0
2007,In_Silico,0,0,0,0,0,0,0,1
2008,In_Silico,0,0,0,0,0,0,0,1
2011,In_Silico,1,0,0,0,0,0,0,0
2013,In_Silico,0,0,0,0,0,0,0,1
2015,In_Silico,0,0,0,0,0,0,0,1
2016,In_Silico,0,0,0,0,0,0,0,1
2022,In_Silico,0,0,0,0,0,0,0,1
2023,In_Silico,0,0,0,0,0,0,0,1
2024,In_Silico,0,0,0,0,1,0,0,0
2025,In_Silico,1,0,0,0,0,0,0,0
2026,In_Silico,0,0,0,0,0,0,0,1
2027,In_Silico,0,0,0,0,0,0,0,1
2029,In_Silico,0,0,0,1,0,0,0,0
2030,In_Silico,0,0,0,0,0,0,0,1
2033,Library_Match_adduct,0,0,0,0,0,0,0,1
2035,In_Silico,0,0,0,0,0,0,0,1
2038,In_Silico,0,0,0,0,0,0,0,1
2039,In_Silico,0,0,0,0,1,0,0,0
2044,In_Silico,0,0,0,0,0,0,0,1
2061,In_Silico,0,0,0,0,1,0,0,0
2062,Library_Match_exact,0,1,0,0,0,0,0,0
2066,In_Silico,0,0,0,0,0,1,0,0
2068,In_Silico,0,1,0,0,0,0,0,0
2076,In_Silico,0,0,0,0,0,0,0,1
2077,In_Silico,0,0,0,0,0,0,0,1
2079,In_Silico,0,0,0,1,0,0,0,0
2080,In_Silico,0,0,0,0,0,0,0,1
2085,In_Silico,0,0,0,0,0,0,0,1
2087,In_Silico,0,0,0,0,1,0,0,0
2088,In_Silico,0,0,0,0,0,0,0,1
2090,In_Silico,1,0,0,0,0,0,0,0
2092,In_Silico,0,0,0,0,0,0,0,1
2093,In_Silico,0,0,0,0,0,0,0,1
2094,In_Silico,0,0,0,0,0,0,0,1
2095,In_Silico,0,0,0,1,0,0,0,0
2096,Library_Match_adduct,0,0,0,0,0,0,1,0
2097,In_Silico,0,0,0,0,1,0,0,0
2101,Library_Match_adduct,0,0,0,0,0,0,0,1
2102,In_Silico,0,0,0,0,1,0,0,0
2103,In_Silico,0,0,0,0,0,0,1,0
2107,Library_Match_exact,0,0,0,0,0,0,0,1
2116,In_Silico,0,0,0,0,0,0,0,1
2117,In_Silico,0,0,0,0,0,0,0,1
2119,In_Silico,1,0,0,0,0,0,0,0
2120,Library_Match_adduct,0,0,0,0,0,0,0,1
2122,In_Silico,0,0,0,0,0,0,0,1
2127,In_Silico,1,0,0,0,0,0,0,0
2128,In_Silico,0,0,0,0,0,0,0,1
2129,In_Silico,0,0,0,0,1,0,0,0
2132,In_Silico,0,1,0,0,0,0,0,0
2134,In_Silico,1,0,0,0,0,0,0,0
2141,In_Silico,0,0,0,0,1,0,0,0
2143,In_Silico,0,0,0,0,0,0,0,1
2147,In_Silico,1,0,0,0,0,0,0,0
2150,In_Silico,1,0,0,0,0,0,0,0
2153,In_Silico,1,0,0,0,0,0,0,0
2162,Library_Match_exact,0,0,0,0,1,0,0,0
2163,In_Silico,1,0,0,0,0,0,0,0
2164,In_Silico,0,0,0,0,0,0,1,0
2165,In_Silico,0,0,0,0,0,0,0,1
2166,Library_Match_adduct,0,0,0,0,0,1,0,0
2167,In_Silico,0,0,0,0,0,0,1,0
2169,In_Silico,0,0,0,0,0,0,0,1
2171,In_Silico,0,0,0,0,0,0,0,1
2172,In_Silico,0,0,1,0,0,0,0,0
2175,In_Silico,0,0,0,0,0,0,0,1
2178,In_Silico,0,0,0,0,0,0,1,0
2182,In_Silico,0,0,0,1,0,0,0,0
2184,In_Silico,0,0,0,0,0,0,1,0
2186,In_Silico,0,0,0,0,0,0,0,1
2195,In_Silico,0,0,0,0,0,0,0,1
2197,Library_Match_adduct,0,1,0,0,0,0,0,0
2198,In_Silico,1,0,0,0,0,0,0,0
2202,In_Silico,0,0,0,0,0,0,0,1
2204,In_Silico,0,0,0,0,0,0,0,1
2208,Library_Match_adduct,0,0,0,0,0,0,0,1
2209,Library_Match_adduct,0,0,0,0,1,0,0,0
2211,Library_Match_adduct,0,0,0,0,1,0,0,0
2213,In_Silico,0,0,0,0,0,0,0,1
2221,In_Silico,0,1,0,0,0,0,0,0
2223,In_Silico,1,0,0,0,0,0,0,0
2228,In_Silico,1,0,0,0,0,0,0,0
2229,In_Silico,1,0,0,0,0,0,0,0
2231,In_Silico,0,0,0,0,0,0,1,0
2232,In_Silico,1,0,0,0,0,0,0,0
2233,In_Silico,1,0,0,0,0,0,0,0
2234,Library_Match_adduct,1,0,0,0,0,0,0,0
2239,In_Silico,1,0,0,0,0,0,0,0
2240,In_Silico,1,0,0,0,0,0,0,0
2248,In_Silico,1,0,0,0,0,0,0,0
2251,In_Silico,0,0,0,0,0,0,0,1
2252,In_Silico,1,0,0,0,0,0,0,0
2259,In_Silico,0,0,0,0,0,0,0,1
2266,In_Silico,0,0,0,0,0,0,0,1
2268,In_Silico,0,0,0,0,0,0,0,1
2270,In_Silico,0,0,0,0,0,0,0,1
2277,In_Silico,0,0,0,0,0,0,0,1
2279,In_Silico,1,0,0,0,0,0,0,0
2280,Library_Match_adduct,0,0,0,0,0,0,0,1
2288,Library_Match_exact,0,1,0,0,0,0,0,0
2289,Library_Match_adduct,0,0,0,0,0,0,0,1
2290,In_Silico,1,0,0,0,0,0,0,0
2294,In_Silico,1,0,0,0,0,0,0,0
2295,In_Silico,0,0,0,0,0,0,0,1
2302,In_Silico,0,0,0,0,0,0,0,1
2303,In_Silico,1,0,0,0,0,0,0,0
2304,In_Silico,0,0,0,0,0,0,0,1
2315,In_Silico,0,0,0,0,0,0,0,1
2317,Library_Match_exact,0,1,0,0,0,0,0,0
2320,In_Silico,1,0,0,0,0,0,0,0
2323,In_Silico,0,0,0,0,0,0,0,1
2331,In_Silico,1,0,0,0,0,0,0,0
2335,In_Silico,0,0,0,0,0,0,0,1
2336,In_Silico,1,0,0,0,0,0,0,0
2343,In_Silico,0,0,0,0,0,0,1,0
2345,In_Silico,1,0,0,0,0,0,0,0
2347,Library_Match_adduct,0,1,0,0,0,0,0,0
2351,In_Silico,1,0,0,0,0,0,0,0
2353,In_Silico,0,0,0,0,0,0,0,1
2356,Library_Match_exact,0,0,1,0,0,0,0,0
2357,In_Silico,0,0,0,0,0,0,0,1
2359,In_Silico,0,0,0,0,0,0,0,1
2360,In_Silico,1,0,0,0,0,0,0,0
2368,In_Silico,0,0,0,0,0,1,0,0
2375,In_Silico,1,0,0,0,0,0,0,0
2378,In_Silico,0,0,0,0,0,0,0,1
2382,In_Silico,1,0,0,0,0,0,0,0
2383,Library_Match_exact,0,0,0,0,1,0,0,0
2388,In_Silico,1,0,0,0,0,0,0,0
2389,In_Silico,1,0,0,0,0,0,0,0
2392,In_Silico,1,0,0,0,0,0,0,0
2396,In_Silico,0,0,0,0,0,1,0,0
2401,Library_Match_adduct,0,1,0,0,0,0,0,0
2402,In_Silico,1,0,0,0,0,0,0,0
2404,In_Silico,0,0,0,0,0,0,0,1
2405,Library_Match_exact,0,0,1,0,0,0,0,0
2408,In_Silico,0,0,0,0,0,0,0,1
2409,In_Silico,0,0,0,0,0,0,0,1
2412,In_Silico,0,0,0,0,0,0,0,1
2413,In_Silico,0,0,0,0,0,0,1,0
2416,In_Silico,1,0,0,0,0,0,0,0
2417,In_Silico,0,0,0,0,0,0,0,1
2418,Library_Match_adduct,0,0,0,0,0,0,0,1
2421,In_Silico,0,0,0,0,0,0,0,1
2425,In_Silico,1,0,0,0,0,0,0,0
2434,In_Silico,0,0,0,0,0,1,0,0
2435,In_Silico,0,0,0,0,0,0,0,1
2441,In_Silico,0,0,0,0,1,0,0,0
2443,In_Silico,1,0,0,0,0,0,0,0
2445,In_Silico,0,0,0,0,0,0,0,1
2447,In_Silico,0,0,0,0,0,0,1,0
2448,In_Silico,0,0,0,0,0,0,0,1
2449,In_Silico,0,0,0,0,0,0,0,1
2451,In_Silico,0,0,0,0,0,0,0,1
2453,In_Silico,1,0,0,0,0,0,0,0
2457,In_Silico,0,0,0,0,0,0,0,1
2459,Library_Match_exact,0,1,0,0,0,0,0,0
2462,In_Silico,0,0,0,0,1,0,0,0
2466,In_Silico,0,0,0,0,0,0,0,1
2469,In_Silico,0,0,0,0,1,0,0,0
2471,In_Silico,0,0,0,0,0,0,0,1
2477,In_Silico,1,0,0,0,0,0,0,0
2482,In_Silico,0,0,0,0,0,0,0,1
2485,In_Silico,1,0,0,0,0,0,0,0
2487,In_Silico,0,0,0,0,0,0,0,1
2489,In_Silico,0,0,0,0,0,1,0,0
2491,In_Silico,1,0,0,0,0,0,0,0
2494,In_Silico,1,0,0,0,0,0,0,0
2496,Library_Match_adduct,0,0,0,0,0,0,0,1
2498,In_Silico,0,0,0,0,0,0,1,0
2499,In_Silico,1,0,0,0,0,0,0,0
2500,In_Silico,0,0,0,0,0,0,0,1
2502,In_Silico,0,0,0,0,0,0,0,1
2505,In_Silico,0,0,0,0,0,0,0,1
2509,In_Silico,1,0,0,0,0,0,0,0
2515,In_Silico,1,0,0,0,0,0,0,0
2516,In_Silico,1,0,0,0,0,0,0,0
2520,In_Silico,0,0,0,0,0,0,0,1
2523,In_Silico,1,0,0,0,0,0,0,0
2526,In_Silico,1,0,0,0,0,0,0,0
2527,In_Silico,0,0,0,0,0,0,1,0
2528,In_Silico,1,0,0,0,0,0,0,0
2532,In_Silico,0,0,0,0,0,0,0,1
2533,In_Silico,1,0,0,0,0,0,0,0
2535,In_Silico,0,0,0,0,0,0,0,1
2537,In_Silico,1,0,0,0,0,0,0,0
2541,In_Silico,0,0,0,0,0,0,0,1
2545,In_Silico,0,0,0,0,0,0,0,1
2547,In_Silico,0,0,0,0,1,0,0,0
2549,In_Silico,0,0,0,0,1,0,0,0
2551,Library_Match_adduct,0,0,0,0,0,0,1,0
2553,In_Silico,1,0,0,0,0,0,0,0
2554,In_Silico,0,0,0,0,0,0,0,1
2555,In_Silico,0,0,0,0,0,0,0,1
2557,In_Silico,0,0,0,0,0,0,1,0
2558,In_Silico,1,0,0,0,0,0,0,0
2560,In_Silico,0,0,0,0,0,0,0,1
2561,In_Silico,0,0,0,0,0,0,0,1
2565,In_Silico,1,0,0,0,0,0,0,0
2566,Library_Match_adduct,0,0,0,0,0,0,0,1
2573,In_Silico,0,0,0,0,0,0,0,1
2578,In_Silico,0,0,0,0,0,0,0,1
2580,In_Silico,1,0,0,0,0,0,0,0
2582,In_Silico,1,0,0,0,0,0,0,0
2586,In_Silico,0,0,0,0,0,0,1,0
2587,In_Silico,1,0,0,0,0,0,0,0
2588,In_Silico,1,0,0,0,0,0,0,0
2592,In_Silico,0,0,0,0,1,0,0,0
2596,In_Silico,0,0,0,0,0,0,0,1
2598,In_Silico,0,0,0,0,0,0,0,1
2599,In_Silico,0,0,0,0,0,0,0,1
2601,In_Silico,1,0,0,0,0,0,0,0
2602,In_Silico,0,0,0,0,0,1,0,0
2603,In_Silico,1,0,0,0,0,0,0,0
2605,In_Silico,0,0,0,0,0,0,0,1
2606,In_Silico,0,0,0,0,0,0,0,1
2614,In_Silico,0,0,0,0,0,0,0,1
2616,In_Silico,0,0,0,0,0,0,0,1
2617,In_Silico,0,0,0,0,0,0,0,1
2623,In_Silico,0,0,0,0,0,0,0,1
2624,In_Silico,0,0,0,0,0,0,0,1
2625,In_Silico,1,0,0,0,0,0,0,0
2626,In_Silico,0,1,0,0,0,0,0,0
2630,In_Silico,0,0,0,0,0,0,0,1
2633,In_Silico,1,0,0,0,0,0,0,0
2635,In_Silico,0,0,0,0,0,0,1,0
2637,Library_Match_adduct,0,0,0,0,0,0,0,1
2639,In_Silico,0,0,0,0,0,0,0,1
2640,In_Silico,0,0,0,0,0,0,0,1
2641,In_Silico,1,0,0,0,0,0,0,0
2642,In_Silico,0,0,0,0,0,0,0,1
2648,In_Silico,1,0,0,0,0,0,0,0
2654,In_Silico,0,0,0,0,0,0,0,1
2660,In_Silico,0,0,0,0,0,0,0,1
2664,In_Silico,0,0,0,0,0,0,0,1
2669,In_Silico,0,0,0,0,0,0,0,1
2670,Library_Match_adduct,0,1,0,0,0,0,0,0
2675,In_Silico,1,0,0,0,0,0,0,0
2676,In_Silico,0,0,0,0,0,0,0,1
2677,In_Silico,0,0,0,0,0,0,0,1
2678,In_Silico,0,0,0,0,0,0,0,1
2681,In_Silico,0,0,0,0,0,0,0,1
2683,In_Silico,0,0,0,0,0,0,0,1
2685,Library_Match_adduct,0,0,0,0,0,0,0,1
2686,Library_Match_adduct,0,0,0,0,0,0,0,1
2687,In_Silico,1,0,0,0,0,0,0,0
2691,In_Silico,0,0,0,0,0,0,0,1
2694,In_Silico,0,0,0,0,0,0,0,1
2696,Library_Match_exact,0,0,0,0,1,0,0,0
2697,In_Silico,0,0,0,0,0,0,0,1
2698,In_Silico,0,0,0,0,0,0,1,0
2700,In_Silico,1,0,0,0,0,0,0,0
2701,In_Silico,1,0,0,0,0,0,0,0
2702,In_Silico,0,0,0,0,1,0,0,0
2708,In_Silico,0,0,0,0,0,0,0,1
2711,In_Silico,0,0,0,0,0,1,0,0
2713,In_Silico,1,0,0,0,0,0,0,0
2716,In_Silico,1,0,0,0,0,0,0,0
2717,In_Silico,0,0,0,0,0,0,0,1
2718,In_Silico,0,0,0,0,0,0,0,1
2724,In_Silico,0,0,0,0,0,0,0,1
2727,In_Silico,0,0,0,0,0,0,0,1
2731,In_Silico,0,0,0,0,0,0,0,1
2732,In_Silico,0,0,0,0,0,0,0,1
2734,Library_Match_exact,0,0,0,0,1,0,0,0
2735,In_Silico,0,0,0,0,0,0,0,1
2740,In_Silico,0,0,0,0,0,0,0,1
2741,In_Silico,1,0,0,0,0,0,0,0
2743,In_Silico,0,0,0,0,0,0,1,0
2745,In_Silico,0,0,0,0,0,0,1,0
2747,In_Silico,1,0,0,0,0,0,0,0
2758,In_Silico,1,0,0,0,0,0,0,0
2760,In_Silico,0,0,0,0,0,0,0,1
2764,In_Silico,0,0,0,0,0,0,0,1
2766,Known_MZ_RT_match,0,0,0,0,1,0,0,0
2767,In_Silico,0,0,0,0,0,0,0,1
2768,Library_Match_adduct,0,0,0,0,0,0,0,1
2772,In_Silico,0,0,0,0,0,0,0,1
2774,In_Silico,1,0,0,0,0,0,0,0
2777,In_Silico,0,0,0,0,0,0,1,0
2778,In_Silico,0,0,0,0,0,0,0,1
2779,In_Silico,1,0,0,0,0,0,0,0
2789,In_Silico,0,0,0,0,0,0,0,1
2792,Library_Match_exact,0,1,0,0,0,0,0,0
2802,In_Silico,0,0,0,0,0,0,0,1
2805,In_Silico,0,0,0,0,0,0,0,1
2806,In_Silico,0,0,0,0,0,0,0,1
2807,In_Silico,0,0,0,0,0,0,0,1
2811,In_Silico,1,0,0,0,0,0,0,0
2813,In_Silico,0,0,0,0,0,0,0,1
2816,In_Silico,0,0,0,0,0,0,0,1
2818,In_Silico,0,0,0,0,1,0,0,0
2825,In_Silico,0,0,0,0,0,0,0,1
2830,Library_Match_adduct,0,0,0,0,1,0,0,0
2831,In_Silico,0,0,1,0,0,0,0,0
2832,In_Silico,1,0,0,0,0,0,0,0
2834,In_Silico,0,0,0,1,0,0,0,0
2836,In_Silico,0,0,0,0,0,0,0,1
2852,In_Silico,1,0,0,0,0,0,0,0
2853,Library_Match_adduct,0,0,1,0,0,0,0,0
2857,In_Silico,1,0,0,0,0,0,0,0
2858,In_Silico,0,0,0,0,0,0,0,1
2864,In_Silico,1,0,0,0,0,0,0,0
2865,In_Silico,1,0,0,0,0,0,0,0
2866,In_Silico,0,0,0,0,0,0,0,1
2867,In_Silico,0,0,0,0,0,1,0,0
2869,In_Silico,0,0,0,0,0,0,1,0
2874,In_Silico,0,0,0,0,0,0,0,1
2876,In_Silico,1,0,0,0,0,0,0,0
2877,In_Silico,0,0,0,0,0,0,0,1
2878,In_Silico,0,0,0,0,0,1,0,0
2881,In_Silico,1,0,0,0,0,0,0,0
2885,In_Silico,1,0,0,0,0,0,0,0
2892,In_Silico,1,0,0,0,0,0,0,0
2894,In_Silico,0,0,0,0,0,0,0,1
2898,In_Silico,0,0,0,0,0,1,0,0
2900,In_Silico,0,0,0,0,0,0,0,1
2904,Library_Match_adduct,0,0,0,0,0,0,0,1
2908,In_Silico,0,0,0,0,0,0,0,1
2915,In_Silico,0,0,0,0,0,0,0,1
2921,In_Silico,1,0,0,0,0,0,0,0
2924,In_Silico,1,0,0,0,0,0,0,0
2926,In_Silico,0,0,0,0,1,0,0,0
2930,In_Silico,0,0,0,0,0,0,0,1
2931,In_Silico,1,0,0,0,0,0,0,0
2935,In_Silico,0,0,0,0,0,0,0,1
2939,Library_Match_adduct,0,1,0,0,0,0,0,0
2944,In_Silico,1,0,0,0,0,0,0,0
2952,In_Silico,0,0,0,0,0,0,0,1
2954,In_Silico,0,0,0,0,0,0,0,1
2956,In_Silico,1,0,0,0,0,0,0,0
2957,In_Silico,0,0,0,0,0,0,0,1
2959,In_Silico,0,0,0,0,0,0,0,1
2960,Library_Match_adduct,0,0,0,0,0,0,0,1
2961,In_Silico,0,0,0,0,0,0,0,1
2963,In_Silico,0,0,0,0,0,0,0,1
2966,In_Silico,0,0,0,0,0,0,0,1
2970,In_Silico,0,0,0,0,0,0,0,1
2973,In_Silico,0,0,0,0,0,0,0,1
2974,In_Silico,0,0,0,0,0,0,0,1
2975,In_Silico,0,0,0,0,0,0,0,1
2976,In_Silico,0,0,0,0,0,0,1,0
2977,In_Silico,0,0,0,0,0,0,0,1
2978,In_Silico,1,0,0,0,0,0,0,0
2984,In_Silico,0,0,0,0,0,0,1,0
2986,In_Silico,1,0,0,0,0,0,0,0
2987,Library_Match_exact,0,0,0,0,0,0,0,1
2991,In_Silico,0,0,0,0,0,1,0,0
2992,In_Silico,0,0,0,0,0,0,0,1
2995,Library_Match_adduct,0,0,0,0,1,0,0,0
2996,In_Silico,0,0,0,0,1,0,0,0
3001,In_Silico,0,0,0,0,0,0,0,1
3002,In_Silico,1,0,0,0,0,0,0,0
3005,In_Silico,1,0,0,0,0,0,0,0
3008,Library_Match_exact,0,0,0,1,0,0,0,0
3010,In_Silico,0,0,0,0,0,0,0,1
3011,In_Silico,0,0,0,0,0,0,0,1
3012,In_Silico,1,0,0,0,0,0,0,0
3013,Library_Match_exact,0,0,0,0,0,0,0,1
3014,In_Silico,0,0,0,0,0,1,0,0
3018,In_Silico,0,0,0,0,0,0,0,1
3020,Library_Match_exact,0,0,0,0,0,0,0,1
3021,In_Silico,0,0,0,0,1,0,0,0
3023,In_Silico,0,0,0,0,0,1,0,0
3025,In_Silico,1,0,0,0,0,0,0,0
3027,In_Silico,0,0,0,0,1,0,0,0
3030,In_Silico,0,0,0,0,0,0,0,1
3032,In_Silico,0,0,0,0,1,0,0,0
3034,In_Silico,0,0,0,0,0,0,0,1
3035,Library_Match_adduct,0,1,0,0,0,0,0,0
3040,In_Silico,0,0,0,0,0,0,0,1
3046,In_Silico,0,0,0,0,0,0,0,1
3048,In_Silico,0,0,0,0,0,0,0,1
3056,In_Silico,0,0,0,0,0,0,0,1
3060,In_Silico,0,0,0,0,0,0,0,1
3070,In_Silico,1,0,0,0,0,0,0,0
3074,In_Silico,1,0,0,0,0,0,0,0
3075,In_Silico,1,0,0,0,0,0,0,0
3076,In_Silico,0,0,0,0,0,0,0,1
3080,In_Silico,1,0,0,0,0,0,0,0
3081,In_Silico,1,0,0,0,0,0,0,0
3082,In_Silico,0,0,0,0,0,0,0,1
3084,In_Silico,0,0,0,0,1,0,0,0
3085,In_Silico,1,0,0,0,0,0,0,0
3087,In_Silico,0,0,0,0,1,0,0,0
3088,In_Silico,0,0,0,0,0,0,0,1
3092,In_Silico,0,0,0,0,0,0,0,1
3105,In_Silico,0,0,0,0,0,0,0,1
3108,In_Silico,1,0,0,0,0,0,0,0
3113,In_Silico,0,0,0,0,0,0,0,1
3115,In_Silico,1,0,0,0,0,0,0,0
3116,In_Silico,0,0,0,0,0,0,0,1
3118,Library_Match_exact,0,0,0,0,0,0,0,1
3120,In_Silico,1,0,0,0,0,0,0,0
3129,In_Silico,1,0,0,0,0,0,0,0
3132,In_Silico,0,0,0,0,1,0,0,0
3134,In_Silico,1,0,0,0,0,0,0,0
3138,In_Silico,0,0,0,0,0,0,0,1
3147,In_Silico,0,0,0,0,0,0,0,1
3149,In_Silico,1,0,0,0,0,0,0,0
3151,In_Silico,0,0,0,0,0,0,0,1
3152,In_Silico,1,0,0,0,0,0,0,0
3153,In_Silico,1,0,0,0,0,0,0,0
3157,In_Silico,0,0,0,0,0,0,0,1
3158,In_Silico,1,0,0,0,0,0,0,0
3161,Library_Match_adduct,0,0,0,0,0,0,0,1
3162,In_Silico,0,0,0,0,0,0,0,1
3164,In_Silico,1,0,0,0,0,0,0,0
3174,In_Silico,0,0,0,0,0,0,0,1
3175,In_Silico,0,0,0,0,0,0,0,1
3177,In_Silico,0,0,0,0,1,0,0,0
3182,In_Silico,1,0,0,0,0,0,0,0
3185,In_Silico,1,0,0,0,0,0,0,0
3192,In_Silico,1,0,0,0,0,0,0,0
3194,In_Silico,0,0,0,0,0,0,0,1
3199,Library_Match_adduct,1,0,0,0,0,0,0,0
3200,In_Silico,1,0,0,0,0,0,0,0
3202,In_Silico,0,0,0,0,0,0,0,1
3205,In_Silico,0,0,1,0,0,0,0,0
3206,In_Silico,1,0,0,0,0,0,0,0
3210,Library_Match_exact,0,1,0,0,0,0,0,0
3212,Known_MZ_RT_match,0,0,0,0,0,1,0,0
3216,In_Silico,0,0,0,0,0,0,0,1
3220,In_Silico,0,0,0,0,0,0,0,1
3223,In_Silico,0,0,0,0,0,0,0,1
3225,In_Silico,0,0,0,0,0,0,0,1
3226,In_Silico,0,0,0,0,0,0,0,1
3227,In_Silico,1,0,0,0,0,0,0,0
3228,In_Silico,0,0,0,0,1,0,0,0
3230,In_Silico,1,0,0,0,0,0,0,0
3235,In_Silico,1,0,0,0,0,0,0,0
3237,In_Silico,1,0,0,0,0,0,0,0
3239,In_Silico,0,0,0,0,0,0,0,1
3240,In_Silico,0,0,0,0,0,0,0,1
3241,In_Silico,1,0,0,0,0,0,0,0
3244,In_Silico,0,0,0,0,0,0,0,1
3246,In_Silico,0,0,0,0,0,0,0,1
3254,In_Silico,1,0,0,0,0,0,0,0
3260,In_Silico,1,0,0,0,0,0,0,0
3261,In_Silico,0,0,0,0,1,0,0,0
3265,In_Silico,0,0,0,0,0,0,0,1
3267,In_Silico,0,0,0,0,0,0,0,1
3269,In_Silico,0,0,0,0,1,0,0,0
3271,In_Silico,0,0,0,0,0,0,0,1
3272,Library_Match_adduct,0,0,0,0,1,0,0,0
3274,In_Silico,0,0,0,0,0,0,0,1
3280,In_Silico,0,0,0,0,1,0,0,0
3283,Library_Match_adduct,0,0,0,0,0,0,0,1
3284,In_Silico,0,0,0,0,0,0,0,1
3286,In_Silico,1,0,0,0,0,0,0,0
3287,In_Silico,1,0,0,0,0,0,0,0
3289,In_Silico,0,0,0,0,0,0,1,0
3291,Library_Match_exact,0,0,0,0,1,0,0,0
3295,In_Silico,0,0,0,0,0,0,0,1
3299,In_Silico,1,0,0,0,0,0,0,0
3301,In_Silico,1,0,0,0,0,0,0,0
3303,Library_Match_adduct,0,0,0,0,0,0,0,1
3309,Library_Match_exact,0,0,0,0,0,0,0,1
3310,In_Silico,1,0,0,0,0,0,0,0
3317,In_Silico,0,0,0,0,0,0,0,1
3318,In_Silico,1,0,0,0,0,0,0,0
3320,In_Silico,0,0,0,0,1,0,0,0
3322,Library_Match_adduct,0,0,0,0,1,0,0,0
3327,Library_Match_exact,0,0,0,0,1,0,0,0
3328,In_Silico,0,0,0,0,0,0,0,1
3329,In_Silico,0,0,0,0,0,0,0,1
3330,In_Silico,1,0,0,0,0,0,0,0
3336,In_Silico,0,0,0,0,0,0,0,1
3352,In_Silico,0,0,0,0,0,0,0,1
3355,In_Silico,0,0,0,0,0,0,0,1
3358,In_Silico,0,0,0,0,0,0,0,1
3368,In_Silico,0,0,0,0,0,0,0,1
3384,Library_Match_adduct,0,0,0,0,0,0,0,1
3388,Library_Match_adduct,0,0,0,0,0,0,0,1
3391,In_Silico,0,0,0,0,1,0,0,0
3402,Library_Match_adduct,0,0,0,0,0,0,0,1
3407,In_Silico,1,0,0,0,0,0,0,0
3410,Library_Match_adduct,0,0,0,0,0,0,0,1
3416,In_Silico,1,0,0,0,0,0,0,0
3419,In_Silico,1,0,0,0,0,0,0,0
3420,In_Silico,0,0,0,0,1,0,0,0
3427,In_Silico,0,0,0,0,0,0,0,1
3428,In_Silico,0,0,0,0,0,0,0,1
3429,In_Silico,0,0,0,0,1,0,0,0
3430,In_Silico,0,0,0,0,0,0,0,1
3435,In_Silico,1,0,0,0,0,0,0,0
3437,In_Silico,0,0,0,0,0,0,0,1
3438,In_Silico,1,0,0,0,0,0,0,0
3446,In_Silico,0,0,0,0,0,0,0,1
3450,In_Silico,0,0,0,0,0,0,0,1
3451,In_Silico,0,0,0,0,0,0,0,1
3454,In_Silico,0,0,0,0,0,0,0,1
3457,In_Silico,0,0,0,0,0,0,0,1
3458,In_Silico,1,0,0,0,0,0,0,0
3459,In_Silico,1,0,0,0,0,0,0,0
3460,In_Silico,0,0,0,0,0,0,0,1
3463,In_Silico,0,0,0,0,1,0,0,0
3464,In_Silico,0,0,0,0,0,0,0,1
3467,In_Silico,0,0,0,0,0,0,0,1
3468,In_Silico,1,0,0,0,0,0,0,0
3472,In_Silico,0,0,0,0,0,0,0,1
3473,In_Silico,0,0,0,0,1,0,0,0
3476,In_Silico,1,0,0,0,0,0,0,0
3478,In_Silico,1,0,0,0,0,0,0,0
3481,In_Silico,0,0,0,0,0,0,0,1
3490,In_Silico,1,0,0,0,0,0,0,0
3493,In_Silico,0,0,0,0,0,0,0,1
3494,In_Silico,0,0,0,0,0,0,0,1
3495,In_Silico,0,0,0,0,0,0,0,1
3496,In_Silico,0,0,0,0,0,1,0,0
3502,In_Silico,0,0,0,0,0,0,0,1
3512,In_Silico,0,0,0,0,0,0,0,1
3513,Library_Match_adduct,0,0,0,0,0,1,0,0
3518,In_Silico,0,0,0,0,0,1,0,0
3521,In_Silico,1,0,0,0,0,0,0,0
3530,In_Silico,1,0,0,0,0,0,0,0
3531,In_Silico,0,0,0,0,0,0,0,1
3535,Library_Match_exact,0,0,0,0,1,0,0,0
3541,In_Silico,0,0,0,0,0,0,0,1
3550,Library_Match_adduct,0,1,0,0,0,0,0,0
3551,In_Silico,0,0,0,0,1,0,0,0
3552,In_Silico,0,0,0,0,0,0,0,1
3560,In_Silico,0,0,0,0,0,0,0,1
3569,In_Silico,1,0,0,0,0,0,0,0
3571,In_Silico,0,0,0,0,0,1,0,0
3576,In_Silico,0,0,0,0,0,0,0,1
3579,Library_Match_exact,0,0,1,0,0,0,0,0
3588,Library_Match_exact,0,0,1,0,0,0,0,0
3589,In_Silico,0,0,0,1,0,0,0,0
3590,In_Silico,0,0,0,0,0,0,0,1
3592,In_Silico,1,0,0,0,0,0,0,0
3596,In_Silico,0,0,0,0,0,0,0,1
3598,In_Silico,0,0,0,0,0,0,0,1
3600,In_Silico,0,0,0,0,0,0,1,0
3604,In_Silico,0,0,0,0,0,0,0,1
3608,In_Silico,0,0,0,0,0,0,0,1
3609,In_Silico,0,0,0,0,0,0,0,1
3611,In_Silico,0,0,0,0,0,0,0,1
3617,In_Silico,0,0,0,0,0,0,0,1
3619,In_Silico,0,0,0,0,0,0,0,1
3623,In_Silico,1,0,0,0,0,0,0,0
3627,In_Silico,0,0,0,0,0,0,0,1
3630,In_Silico,0,0,0,0,0,0,0,1
3635,In_Silico,0,0,0,0,0,0,0,1
3642,In_Silico,0,0,0,0,0,0,0,1
3648,In_Silico,0,0,0,0,0,0,0,1
3650,In_Silico,0,0,0,0,0,0,0,1
3652,Library_Match_adduct,0,0,0,0,1,0,0,0
3664,In_Silico,0,0,0,0,0,0,0,1
3667,In_Silico,0,0,0,0,0,0,1,0
3670,In_Silico,0,0,0,0,1,0,0,0
3673,In_Silico,0,0,0,0,0,0,1,0
3677,In_Silico,0,0,0,0,0,0,0,1
3687,In_Silico,0,0,0,0,0,0,0,1
3688,In_Silico,0,0,0,0,1,0,0,0
3689,In_Silico,0,0,0,0,0,0,0,1
3690,Library_Match_adduct,0,0,0,0,0,0,0,1
3698,In_Silico,0,0,0,0,0,0,0,1
3703,In_Silico,0,0,0,0,0,0,0,1
3704,In_Silico,1,0,0,0,0,0,0,0
3710,In_Silico,0,0,0,0,0,0,0,1
3712,In_Silico,0,0,0,0,0,0,0,1
3717,In_Silico,0,0,0,0,0,0,0,1
3720,In_Silico,0,0,0,0,0,0,0,1
3722,Library_Match_adduct,0,0,0,0,0,0,0,1
3730,In_Silico,0,0,0,0,0,0,0,1
3731,In_Silico,0,0,0,0,0,0,0,1
3733,In_Silico,0,0,0,0,0,0,0,1
3741,In_Silico,0,0,0,0,0,0,0,1
3742,In_Silico,1,0,0,0,0,0,0,0
3743,In_Silico,1,0,0,0,0,0,0,0
3746,In_Silico,0,0,0,0,0,0,0,1
3752,In_Silico,0,0,0,0,0,0,0,1
3755,Library_Match_adduct,0,0,0,0,1,0,0,0
3760,In_Silico,0,0,0,0,0,0,0,1
3762,In_Silico,0,0,0,0,0,0,0,1
3763,In_Silico,0,0,0,0,0,0,0,1
3766,In_Silico,0,0,0,0,0,0,0,1
3770,In_Silico,0,0,0,0,0,0,1,0
3771,In_Silico,0,0,0,0,0,0,0,1
3775,In_Silico,0,0,0,0,0,0,0,1
3776,In_Silico,0,0,0,0,0,1,0,0
3777,In_Silico,0,0,0,0,0,0,0,1
3778,In_Silico,0,0,0,0,0,0,0,1
3780,In_Silico,1,0,0,0,0,0,0,0
3785,Library_Match_adduct,0,0,0,0,0,0,0,1
3786,In_Silico,1,0,0,0,0,0,0,0
3788,In_Silico,1,0,0,0,0,0,0,0
3791,In_Silico,0,0,0,0,0,0,0,1
3798,In_Silico,0,0,0,0,0,0,0,1
3800,In_Silico,1,0,0,0,0,0,0,0
3803,In_Silico,0,0,0,0,0,1,0,0
3807,In_Silico,0,0,0,0,0,0,0,1
3808,In_Silico,0,0,0,0,0,0,0,1
3810,In_Silico,0,0,0,0,0,0,1,0
3817,In_Silico,0,0,0,0,0,0,1,0
3818,In_Silico,0,0,0,0,0,0,0,1
3819,In_Silico,0,0,0,0,0,0,0,1
3821,In_Silico,0,0,0,0,0,0,0,1
3825,Library_Match_adduct,0,0,0,0,0,0,0,1
3829,In_Silico,0,0,0,0,0,0,0,1
3830,In_Silico,1,0,0,0,0,0,0,0
3832,Known_MZ_RT_match,0,1,0,0,0,0,0,0
3845,Library_Match_adduct,0,0,0,0,1,0,0,0
3848,In_Silico,1,0,0,0,0,0,0,0
3850,In_Silico,0,0,0,0,0,0,0,1
3860,In_Silico,0,0,0,0,0,0,0,1
3865,In_Silico,1,0,0,0,0,0,0,0
3868,In_Silico,0,0,0,0,0,1,0,0
3870,In_Silico,0,0,0,0,0,0,0,1
3871,In_Silico,0,0,0,0,0,0,0,1
3873,In_Silico,0,0,0,0,0,0,0,1
3875,In_Silico,0,0,0,0,0,0,0,1
3876,Library_Match_adduct,0,0,0,0,0,0,0,1
3879,Library_Match_adduct,0,1,0,0,0,0,0,0
3891,In_Silico,0,0,0,0,0,0,0,1
3892,In_Silico,0,0,0,0,0,0,0,1
3895,In_Silico,1,0,0,0,0,0,0,0
3898,In_Silico,0,0,0,0,0,0,0,1
3902,In_Silico,0,0,1,0,0,0,0,0
3909,In_Silico,0,1,0,0,0,0,0,0
3914,In_Silico,1,0,0,0,0,0,0,0
3915,In_Silico,1,0,0,0,0,0,0,0
3918,In_Silico,0,0,0,0,0,0,1,0
3921,In_Silico,0,0,0,0,0,0,1,0
3923,In_Silico,1,0,0,0,0,0,0,0
3931,In_Silico,0,0,0,0,0,0,0,1
3937,In_Silico,0,0,0,0,0,0,0,1
3938,In_Silico,1,0,0,0,0,0,0,0
3942,In_Silico,0,0,0,0,0,0,0,1
3951,In_Silico,0,0,0,0,0,0,0,1
3952,In_Silico,0,0,0,0,0,0,0,1
3953,In_Silico,1,0,0,0,0,0,0,0
3955,In_Silico,1,0,0,0,0,0,0,0
3959,In_Silico,1,0,0,0,0,0,0,0
3966,In_Silico,1,0,0,0,0,0,0,0
3970,In_Silico,1,0,0,0,0,0,0,0
3972,In_Silico,0,0,0,0,0,0,0,1
3977,Library_Match_exact,0,0,0,0,0,0,1,0
3982,In_Silico,0,0,0,0,0,0,0,1
3985,In_Silico,0,0,0,0,0,0,0,1
3986,In_Silico,0,0,0,0,0,0,0,1
3991,In_Silico,0,0,0,0,0,0,0,1
3993,In_Silico,0,0,0,0,0,0,0,1
3996,In_Silico,1,0,0,0,0,0,0,0
4007,In_Silico,0,0,0,0,0,0,0,1
4008,In_Silico,0,0,0,0,0,0,0,1
4009,In_Silico,0,0,0,0,0,0,0,1
4013,In_Silico,1,0,0,0,0,0,0,0
4019,In_Silico,0,0,0,0,1,0,0,0
4023,In_Silico,1,0,0,0,0,0,0,0
4024,In_Silico,0,0,0,0,0,0,0,1
4025,In_Silico,0,0,0,0,0,0,0,1
4030,In_Silico,0,0,0,0,0,0,0,1
4031,Library_Match_adduct,0,0,0,0,0,0,1,0
4040,In_Silico,0,0,0,0,0,0,0,1
4042,Library_Match_adduct,0,0,1,0,0,0,0,0
4047,In_Silico,0,0,0,0,0,0,0,1
4049,In_Silico,0,0,0,0,0,0,0,1
4051,In_Silico,0,0,0,0,0,0,0,1
4057,In_Silico,1,0,0,0,0,0,0,0
4059,In_Silico,0,0,0,0,0,0,0,1
4060,In_Silico,0,0,0,0,0,0,0,1
4062,Library_Match_adduct,0,0,0,0,0,0,0,1
4066,In_Silico,0,0,0,0,1,0,0,0
4071,In_Silico,1,0,0,0,0,0,0,0
4076,In_Silico,0,0,0,0,0,0,0,1
4082,In_Silico,0,0,1,0,0,0,0,0
4089,In_Silico,0,0,0,0,0,0,0,1
4096,In_Silico,1,0,0,0,0,0,0,0
4099,In_Silico,0,0,0,0,0,0,0,1
4101,In_Silico,0,0,0,0,0,0,0,1
4107,In_Silico,0,0,0,0,0,0,0,1
4109,Library_Match_exact,0,0,0,0,0,0,1,0
4115,In_Silico,0,0,0,0,0,0,1,0
4125,In_Silico,0,0,0,0,0,0,0,1
4127,In_Silico,0,0,0,0,0,0,0,1
4128,In_Silico,0,0,0,0,0,0,0,1
4133,Library_Match_adduct,0,1,0,0,0,0,0,0
4136,In_Silico,1,0,0,0,0,0,0,0
4138,Library_Match_adduct,0,0,0,0,0,0,0,1
4143,In_Silico,1,0,0,0,0,0,0,0
4148,In_Silico,0,0,0,0,0,0,0,1
4149,In_Silico,1,0,0,0,0,0,0,0
4153,In_Silico,0,0,0,0,0,0,0,1
4154,In_Silico,0,0,0,0,0,0,0,1
4158,In_Silico,0,0,0,0,0,1,0,0
4168,In_Silico,1,0,0,0,0,0,0,0
4180,Library_Match_adduct,0,0,0,0,0,0,1,0
4183,In_Silico,0,0,0,0,0,0,0,1
4185,In_Silico,0,0,0,0,0,0,0,1
4186,In_Silico,1,0,0,0,0,0,0,0
4192,In_Silico,0,0,0,0,0,0,1,0
4199,In_Silico,0,0,0,0,0,0,0,1
4200,In_Silico,0,0,0,0,0,0,0,1
4202,In_Silico,0,0,0,0,0,0,0,1
4204,In_Silico,1,0,0,0,0,0,0,0
4205,In_Silico,0,0,0,0,0,0,0,1
4209,In_Silico,1,0,0,0,0,0,0,0
4210,In_Silico,0,0,0,0,0,0,0,1
4213,In_Silico,1,0,0,0,0,0,0,0
4217,Library_Match_exact,0,1,0,0,0,0,0,0
4225,In_Silico,0,0,0,0,0,0,1,0
4229,In_Silico,0,0,0,0,1,0,0,0
4230,Library_Match_adduct,0,0,0,0,0,0,0,1
4231,In_Silico,0,0,0,0,0,0,0,1
4234,In_Silico,1,0,0,0,0,0,0,0
4236,In_Silico,0,0,0,0,0,0,0,1
4239,Library_Match_adduct,0,0,0,0,1,0,0,0
4242,In_Silico,0,0,0,0,0,0,0,1
4251,In_Silico,1,0,0,0,0,0,0,0
4252,In_Silico,1,0,0,0,0,0,0,0
4254,In_Silico,0,0,0,0,1,0,0,0
4266,In_Silico,0,0,0,0,0,0,0,1
4267,In_Silico,0,0,0,0,0,0,0,1
4279,Library_Match_exact,0,0,0,0,1,0,0,0
4285,In_Silico,0,0,0,0,0,0,0,1
4288,In_Silico,0,0,0,0,0,0,0,1
4292,In_Silico,0,0,0,0,0,0,0,1
4299,Library_Match_adduct,0,0,0,0,0,0,0,1
4308,Library_Match_exact,0,0,0,0,0,0,0,1
4309,In_Silico,0,0,0,0,0,1,0,0
4310,In_Silico,0,0,0,0,0,0,0,1
4311,Library_Match_adduct,0,0,0,0,0,0,0,1
4313,In_Silico,0,0,0,0,0,0,0,1
4315,Library_Match_adduct,0,0,0,0,0,0,0,1
4318,In_Silico,0,0,0,0,0,0,0,1
4323,In_Silico,0,0,0,0,0,0,0,1
4325,In_Silico,1,0,0,0,0,0,0,0
4326,In_Silico,0,0,0,0,0,0,0,1
4334,In_Silico,0,0,0,0,0,0,1,0
4338,In_Silico,0,0,0,0,0,0,1,0
4339,In_Silico,0,0,0,0,0,0,0,1
4343,In_Silico,0,0,0,0,0,1,0,0
4344,In_Silico,1,0,0,0,0,0,0,0
4345,In_Silico,0,0,0,0,0,0,0,1
4347,In_Silico,1,0,0,0,0,0,0,0
4355,In_Silico,0,0,0,0,0,0,0,1
4359,In_Silico,0,0,0,0,0,0,0,1
4366,In_Silico,0,0,0,0,1,0,0,0
4370,In_Silico,0,0,0,0,0,0,0,1
4380,Library_Match_adduct,0,0,0,0,0,0,1,0
4383,In_Silico,1,0,0,0,0,0,0,0
4385,In_Silico,0,0,0,0,0,0,0,1
4388,In_Silico,0,0,0,0,0,0,1,0
4390,In_Silico,0,0,0,0,0,0,0,1
4394,In_Silico,0,0,0,1,0,0,0,0
4397,Library_Match_exact,0,0,0,1,0,0,0,0
4400,In_Silico,0,0,0,0,1,0,0,0
4404,In_Silico,0,0,0,0,0,0,0,1
4406,In_Silico,1,0,0,0,0,0,0,0
4411,In_Silico,0,0,0,0,0,0,0,1
4412,Known_MZ_RT_match,0,0,0,0,1,0,0,0
4413,Library_Match_adduct,0,0,0,0,0,0,0,1
4418,In_Silico,0,0,1,0,0,0,0,0
4419,In_Silico,0,0,0,0,0,0,0,1
4431,In_Silico,0,0,0,0,0,0,0,1
4433,In_Silico,1,0,0,0,0,0,0,0
4437,In_Silico,1,0,0,0,0,0,0,0
4439,In_Silico,0,0,0,0,0,0,1,0
4442,In_Silico,0,0,0,0,0,0,0,1
4444,In_Silico,0,0,0,1,0,0,0,0
4449,In_Silico,0,0,0,0,0,0,0,1
4450,In_Silico,1,0,0,0,0,0,0,0
4458,In_Silico,0,0,0,0,0,0,1,0
4463,In_Silico,0,0,0,0,0,0,0,1
4464,In_Silico,1,0,0,0,0,0,0,0
4465,In_Silico,1,0,0,0,0,0,0,0
4467,In_Silico,1,0,0,0,0,0,0,0
4473,In_Silico,0,0,0,0,1,0,0,0
4478,In_Silico,0,0,0,0,0,0,1,0
4489,In_Silico,1,0,0,0,0,0,0,0
4493,In_Silico,0,0,0,0,0,0,0,1
4509,Library_Match_adduct,0,0,0,0,0,0,0,1
4512,In_Silico,1,0,0,0,0,0,0,0
4514,In_Silico,0,0,0,0,0,0,0,1
4528,In_Silico,0,0,0,0,0,1,0,0
4530,In_Silico,0,0,0,0,0,0,0,1
4537,In_Silico,0,0,0,0,0,0,0,1
4538,In_Silico,0,0,0,0,0,0,1,0
4539,In_Silico,0,0,0,0,0,0,0,1
4540,In_Silico,0,0,0,0,0,0,0,1
4546,In_Silico,0,0,0,0,0,0,0,1
4547,In_Silico,0,0,0,0,0,0,0,1
4550,In_Silico,0,0,0,0,1,0,0,0
4551,In_Silico,0,0,0,0,0,0,0,1
4553,In_Silico,1,0,0,0,0,0,0,0
4554,Library_Match_adduct,0,0,0,0,1,0,0,0
4559,Library_Match_adduct,0,0,0,0,0,0,0,1
4563,In_Silico,0,0,0,0,0,0,0,1
4564,In_Silico,0,0,0,0,0,0,0,1
4566,In_Silico,1,0,0,0,0,0,0,0
4567,In_Silico,0,0,0,0,0,0,0,1
4571,In_Silico,1,0,0,0,0,0,0,0
4573,In_Silico,1,0,0,0,0,0,0,0
4575,In_Silico,0,0,0,0,0,1,0,0
4579,Library_Match_adduct,0,0,0,0,0,0,0,1
4580,In_Silico,0,0,0,0,0,0,1,0
4583,In_Silico,0,0,0,0,0,0,0,1
4587,In_Silico,0,0,0,0,0,0,0,1
4588,In_Silico,0,0,0,1,0,0,0,0
4593,In_Silico,0,0,0,0,0,0,0,1
4603,In_Silico,0,0,0,0,0,1,0,0
4606,In_Silico,0,0,0,0,0,0,0,1
4608,In_Silico,0,0,0,0,0,0,0,1
4615,In_Silico,0,0,0,0,0,0,1,0
4624,In_Silico,0,0,0,0,1,0,0,0
4631,In_Silico,0,0,0,0,0,0,1,0
4632,In_Silico,0,1,0,0,0,0,0,0
4638,In_Silico,0,0,0,0,0,0,0,1
4644,In_Silico,0,0,0,0,0,0,0,1
4645,In_Silico,0,0,0,0,0,0,0,1
4646,In_Silico,0,0,0,0,0,0,0,1
4650,In_Silico,1,0,0,0,0,0,0,0
4651,In_Silico,1,0,0,0,0,0,0,0
4653,In_Silico,0,0,0,0,0,0,0,1
4659,In_Silico,0,0,0,0,0,0,0,1
4662,In_Silico,1,0,0,0,0,0,0,0
4665,In_Silico,1,0,0,0,0,0,0,0
4666,Library_Match_exact,0,0,0,0,0,0,1,0
4673,Library_Match_adduct,0,0,0,0,0,0,0,1
4678,In_Silico,1,0,0,0,0,0,0,0
4684,In_Silico,0,0,0,0,0,0,0,1
4692,Library_Match_adduct,0,0,0,0,0,0,0,1
4696,In_Silico,0,0,0,0,0,0,0,1
4697,In_Silico,0,0,0,0,1,0,0,0
4710,In_Silico,1,0,0,0,0,0,0,0
4713,In_Silico,0,0,0,0,0,0,0,1
4716,In_Silico,0,0,0,0,0,0,0,1
4722,In_Silico,0,0,0,0,0,0,0,1
4723,In_Silico,1,0,0,0,0,0,0,0
4724,In_Silico,0,0,0,0,0,0,0,1
4725,In_Silico,0,0,0,0,0,0,1,0
4726,In_Silico,0,0,0,1,0,0,0,0
4728,In_Silico,0,0,0,0,0,0,0,1
4729,In_Silico,1,0,0,0,0,0,0,0
4734,In_Silico,1,0,0,0,0,0,0,0
4736,Library_Match_adduct,0,0,0,0,0,0,0,1
4738,Library_Match_adduct,0,0,0,0,0,0,0,1
4739,Library_Match_adduct,0,0,0,0,0,0,0,1
4740,In_Silico,0,0,0,0,0,0,0,1
4748,In_Silico,0,0,0,0,0,0,1,0
4750,In_Silico,0,0,0,0,0,0,1,0
4753,In_Silico,0,0,0,0,1,0,0,0
4758,In_Silico,0,0,0,0,0,0,0,1
4760,In_Silico,0,0,0,0,0,1,0,0
4766,In_Silico,0,0,0,0,1,0,0,0
4767,In_Silico,1,0,0,0,0,0,0,0
4768,In_Silico,1,0,0,0,0,0,0,0
4769,In_Silico,0,0,0,0,0,0,0,1
4775,In_Silico,1,0,0,0,0,0,0,0
4790,In_Silico,1,0,0,0,0,0,0,0
4796,In_Silico,1,0,0,0,0,0,0,0
4797,In_Silico,0,0,0,0,0,0,0,1
4798,In_Silico,0,0,0,0,0,0,0,1
4799,In_Silico,0,0,0,0,0,0,0,1
4800,In_Silico,0,0,0,0,0,0,0,1
4805,In_Silico,0,0,0,0,0,0,0,1
4809,In_Silico,0,0,0,0,0,0,1,0
4815,In_Silico,0,0,0,0,0,0,1,0
4820,In_Silico,1,0,0,0,0,0,0,0
4822,In_Silico,1,0,0,0,0,0,0,0
4823,In_Silico,0,0,0,0,0,0,0,1
4829,In_Silico,0,0,0,0,0,0,0,1
4830,In_Silico,0,0,0,0,0,0,1,0
4831,In_Silico,1,0,0,0,0,0,0,0
4832,In_Silico,0,0,0,0,0,0,0,1
4839,Library_Match_exact,0,0,1,0,0,0,0,0
4842,In_Silico,1,0,0,0,0,0,0,0
4852,In_Silico,0,0,0,0,0,0,0,1
4853,In_Silico,1,0,0,0,0,0,0,0
4855,In_Silico,0,0,0,0,0,0,0,1
4859,In_Silico,0,0,0,0,0,0,0,1
4868,In_Silico,0,0,0,0,0,0,0,1
4876,In_Silico,0,0,0,0,0,0,1,0
4878,In_Silico,1,0,0,0,0,0,0,0
4884,In_Silico,0,0,0,0,0,0,0,1
4886,Library_Match_adduct,0,0,0,0,1,0,0,0
4888,In_Silico,0,0,0,0,0,0,1,0
4898,In_Silico,0,0,0,0,0,0,0,1
4900,In_Silico,0,0,0,0,0,0,0,1
4901,In_Silico,0,0,0,0,0,0,0,1
4908,In_Silico,0,0,0,0,0,1,0,0
4919,In_Silico,0,0,0,0,0,0,0,1
4925,Known_MZ_RT_match,0,0,0,0,0,1,0,0
4927,Library_Match_adduct,0,0,0,0,1,0,0,0
4931,In_Silico,1,0,0,0,0,0,0,0
4934,In_Silico,0,0,0,0,0,0,0,1
4937,In_Silico,0,0,0,0,0,0,0,1
4939,In_Silico,0,0,0,0,0,0,0,1
4944,In_Silico,0,0,0,0,0,0,0,1
4946,In_Silico,1,0,0,0,0,0,0,0
4951,In_Silico,0,0,0,0,0,0,0,1
4953,In_Silico,0,0,0,0,0,0,0,1
4957,In_Silico,0,0,0,0,0,0,0,1
4959,In_Silico,0,0,0,0,0,0,0,1
4960,In_Silico,1,0,0,0,0,0,0,0
4964,In_Silico,0,0,0,0,0,0,0,1
4966,In_Silico,0,0,0,0,0,0,0,1
4975,In_Silico,1,0,0,0,0,0,0,0
4986,Library_Match_adduct,0,0,0,0,1,0,0,0
4987,In_Silico,1,0,0,0,0,0,0,0
4996,In_Silico,0,0,0,0,0,0,0,1
5000,In_Silico,0,0,0,0,0,0,0,1
5002,In_Silico,0,0,0,0,1,0,0,0
5004,In_Silico,1,0,0,0,0,0,0,0
5015,In_Silico,0,0,0,0,0,0,0,1
5016,In_Silico,1,0,0,0,0,0,0,0
5022,In_Silico,0,0,0,0,0,0,0,1
5026,In_Silico,1,0,0,0,0,0,0,0
5032,In_Silico,0,0,0,0,0,0,0,1
5035,In_Silico,0,0,0,0,0,0,1,0
5043,In_Silico,1,0,0,0,0,0,0,0
5044,In_Silico,0,0,0,0,0,0,0,1
5045,In_Silico,1,0,0,0,0,0,0,0
5047,In_Silico,1,0,0,0,0,0,0,0
5054,In_Silico,0,0,0,0,0,0,0,1
5062,Library_Match_adduct,0,1,0,0,0,0,0,0
5065,Library_Match_adduct,0,0,0,0,0,0,0,1
5066,In_Silico,0,0,0,0,0,0,0,1
5069,In_Silico,0,0,0,0,0,0,0,1
5072,Library_Match_adduct,0,0,0,0,1,0,0,0
5076,In_Silico,0,0,0,0,0,0,0,1
5077,In_Silico,0,0,0,0,0,0,0,1
5084,In_Silico,1,0,0,0,0,0,0,0
5085,In_Silico,0,0,0,0,0,0,0,1
5086,In_Silico,0,0,0,0,0,0,0,1
5090,In_Silico,0,0,0,0,0,0,0,1
5094,In_Silico,0,0,0,0,0,1,0,0
5095,In_Silico,0,0,0,0,0,0,0,1
5101,Library_Match_adduct,0,1,0,0,0,0,0,0
5103,In_Silico,0,0,0,0,0,0,0,1
5112,In_Silico,1,0,0,0,0,0,0,0
5115,In_Silico,1,0,0,0,0,0,0,0
5121,In_Silico,0,0,0,0,0,0,0,1
5123,In_Silico,0,0,0,0,0,0,0,1
5128,In_Silico,0,0,0,0,0,0,0,1
5131,In_Silico,1,0,0,0,0,0,0,0
5135,In_Silico,0,0,0,0,0,0,0,1
5136,In_Silico,1,0,0,0,0,0,0,0
5138,In_Silico,0,0,0,0,0,0,0,1
5145,In_Silico,0,0,0,0,0,0,0,1
5151,In_Silico,0,0,0,0,0,1,0,0
5159,In_Silico,0,0,0,0,0,0,1,0
5163,In_Silico,0,0,0,0,0,0,0,1
5172,In_Silico,0,0,0,0,1,0,0,0
5174,In_Silico,0,0,0,0,0,0,1,0
5177,In_Silico,0,0,0,0,0,0,0,1
5184,In_Silico,0,0,0,0,0,0,0,1
5187,In_Silico,0,0,0,0,0,0,0,1
5192,In_Silico,0,0,0,0,0,0,0,1
5194,In_Silico,0,0,0,0,1,0,0,0
5195,Library_Match_adduct,0,1,0,0,0,0,0,0
5205,In_Silico,0,0,0,0,0,0,0,1
5208,In_Silico,0,0,0,0,0,0,0,1
5211,In_Silico,0,0,0,0,0,0,1,0
5219,In_Silico,0,0,0,0,0,0,0,1
5225,In_Silico,0,0,0,0,1,0,0,0
5227,Library_Match_adduct,0,0,0,0,0,0,0,1
5229,In_Silico,1,0,0,0,0,0,0,0
5234,In_Silico,0,0,0,0,1,0,0,0
5236,In_Silico,1,0,0,0,0,0,0,0
5238,Library_Match_adduct,0,1,0,0,0,0,0,0
5239,In_Silico,0,0,1,0,0,0,0,0
5241,Library_Match_adduct,0,1,0,0,0,0,0,0
5246,In_Silico,0,0,0,0,0,0,0,1
5271,In_Silico,1,0,0,0,0,0,0,0
5280,In_Silico,0,0,1,0,0,0,0,0
5282,In_Silico,0,0,0,0,0,0,1,0
5299,In_Silico,0,0,0,0,0,0,0,1
5305,In_Silico,0,0,0,0,0,0,0,1
5312,In_Silico,0,0,0,0,0,0,0,1
5316,In_Silico,0,0,0,0,0,0,0,1
5318,In_Silico,0,0,0,0,0,0,0,1
5321,In_Silico,0,0,0,0,1,0,0,0
5324,In_Silico,0,0,0,0,0,1,0,0
5328,In_Silico,0,0,0,0,0,0,0,1
5332,In_Silico,0,0,0,0,0,0,0,1
5336,In_Silico,0,0,0,0,0,0,0,1
5342,Library_Match_exact,0,0,0,0,0,0,0,1
5346,In_Silico,0,0,0,0,0,0,0,1
5351,In_Silico,0,0,0,0,0,0,0,1
5353,Library_Match_adduct,0,0,0,0,0,0,0,1
5356,In_Silico,0,0,0,0,0,0,0,1
5358,In_Silico,0,0,0,0,0,0,0,1
5366,In_Silico,0,0,0,0,0,0,0,1
5370,In_Silico,0,0,0,0,0,0,0,1
5375,In_Silico,0,0,0,0,0,0,0,1
5377,In_Silico,1,0,0,0,0,0,0,0
5382,Library_Match_exact,0,1,0,0,0,0,0,0
5384,In_Silico,0,0,0,0,0,0,1,0
5385,In_Silico,0,0,0,0,0,0,0,1
5388,In_Silico,0,0,0,0,0,0,0,1
5389,In_Silico,1,0,0,0,0,0,0,0
5390,In_Silico,1,0,0,0,0,0,0,0
5405,In_Silico,0,0,0,0,0,0,0,1
5407,In_Silico,1,0,0,0,0,0,0,0
5423,In_Silico,0,0,0,0,0,0,0,1
5425,In_Silico,0,0,1,0,0,0,0,0
5434,In_Silico,0,0,0,0,0,0,0,1
5436,In_Silico,1,0,0,0,0,0,0,0
5449,Library_Match_adduct,0,1,0,0,0,0,0,0
5451,In_Silico,0,0,0,0,1,0,0,0
5456,Library_Match_adduct,0,1,0,0,0,0,0,0
5460,In_Silico,0,0,0,0,0,0,1,0
5461,In_Silico,0,0,0,0,0,0,0,1
5462,In_Silico,1,0,0,0,0,0,0,0
5463,In_Silico,0,0,0,0,0,0,0,1
5466,In_Silico,0,0,0,0,0,0,0,1
5473,Library_Match_adduct,0,0,0,0,0,0,0,1
5476,In_Silico,0,0,0,0,0,0,0,1
5478,Library_Match_adduct,0,0,0,0,1,0,0,0
5482,In_Silico,0,0,0,0,0,0,0,1
5486,In_Silico,0,0,0,0,0,0,0,1
5490,In_Silico,1,0,0,0,0,0,0,0
5500,Library_Match_adduct,0,0,0,0,0,0,0,1
5506,In_Silico,0,0,0,0,0,0,0,1
5515,In_Silico,0,0,0,0,0,0,0,1
5517,In_Silico,0,0,0,0,1,0,0,0
5520,In_Silico,0,0,0,0,0,1,0,0
5527,In_Silico,0,0,0,0,0,1,0,0
5528,Library_Match_exact,0,0,0,0,0,0,0,1
5535,In_Silico,0,0,0,0,0,0,0,1
5539,In_Silico,0,0,0,0,0,0,0,1
5545,In_Silico,0,0,0,0,1,0,0,0
5552,In_Silico,0,0,0,0,0,0,0,1
5556,In_Silico,0,0,0,0,0,0,0,1
5562,In_Silico,0,0,0,0,0,0,0,1
5569,In_Silico,0,0,0,0,0,0,0,1
5570,In_Silico,1,0,0,0,0,0,0,0
5578,In_Silico,0,0,0,0,0,0,0,1
5584,In_Silico,0,0,0,0,0,0,0,1
5591,In_Silico,0,0,1,0,0,0,0,0
5592,Library_Match_adduct,0,0,0,0,0,0,0,1
5602,In_Silico,0,0,0,0,1,0,0,0
5605,Library_Match_adduct,0,0,0,0,0,0,0,1
5610,In_Silico,0,0,0,0,0,0,0,1
5617,In_Silico,0,0,0,1,0,0,0,0
5618,In_Silico,1,0,0,0,0,0,0,0
5620,In_Silico,0,0,0,0,0,0,0,1
5624,In_Silico,0,0,0,0,0,0,0,1
5654,In_Silico,0,0,0,0,0,0,0,1
5660,In_Silico,0,0,0,0,0,1,0,0
5669,In_Silico,0,0,0,0,0,0,0,1
5670,In_Silico,0,0,0,0,0,0,0,1
5675,In_Silico,1,0,0,0,0,0,0,0
5676,Library_Match_adduct,0,0,0,0,0,1,0,0
5688,In_Silico,0,0,0,0,0,0,0,1
5692,In_Silico,0,0,0,0,0,0,0,1
5701,In_Silico,1,0,0,0,0,0,0,0
5703,In_Silico,1,0,0,0,0,0,0,0
5704,In_Silico,1,0,0,0,0,0,0,0
5705,In_Silico,1,0,0,0,0,0,0,0
5709,In_Silico,0,0,0,0,0,0,0,1
5710,In_Silico,0,0,0,0,1,0,0,0
5720,In_Silico,0,0,0,0,0,0,0,1
5726,In_Silico,0,0,0,0,0,1,0,0
5727,In_Silico,1,0,0,0,0,0,0,0
5730,In_Silico,0,0,0,0,0,0,0,1
5736,In_Silico,0,0,0,0,0,0,0,1
5741,In_Silico,0,0,0,0,0,0,0,1
5745,In_Silico,0,0,0,0,0,0,0,1
5746,In_Silico,0,0,0,0,0,0,0,1
5756,Library_Match_adduct,0,0,0,0,0,0,0,1
5758,Library_Match_adduct,0,1,0,0,0,0,0,0
5785,In_Silico,0,0,0,0,0,0,0,1
5792,Library_Match_exact,0,0,0,1,0,0,0,0
5795,Library_Match_exact,0,0,0,0,0,1,0,0
5802,In_Silico,0,0,0,0,0,0,0,1
5808,In_Silico,0,0,0,0,0,0,0,1
5811,In_Silico,0,0,0,0,0,0,0,1
5820,In_Silico,0,0,0,0,0,0,0,1
5823,Library_Match_adduct,0,0,0,0,0,0,1,0
5824,In_Silico,0,0,0,0,0,0,0,1
5827,In_Silico,0,0,0,0,0,0,0,1
5829,In_Silico,1,0,0,0,0,0,0,0
5831,In_Silico,1,0,0,0,0,0,0,0
5833,In_Silico,0,0,0,0,0,0,0,1
5843,In_Silico,0,0,0,0,0,0,0,1
5848,Library_Match_adduct,0,0,0,0,0,0,0,1
5861,In_Silico,0,0,0,0,1,0,0,0
5866,Library_Match_adduct,0,1,0,0,0,0,0,0
5869,In_Silico,0,0,0,0,0,0,0,1
5880,In_Silico,0,0,0,0,0,0,0,1
5886,In_Silico,0,0,0,0,0,1,0,0
5893,In_Silico,0,0,0,0,1,0,0,0
5897,In_Silico,0,0,0,0,0,0,0,1
5913,In_Silico,0,0,0,0,0,0,0,1
5923,In_Silico,0,0,0,0,0,0,0,1
5924,In_Silico,1,0,0,0,0,0,0,0
5930,In_Silico,0,0,0,0,0,0,0,1
5932,In_Silico,0,0,0,0,0,0,0,1
5933,In_Silico,0,0,0,0,0,0,0,1
5944,In_Silico,0,0,0,0,1,0,0,0
5949,In_Silico,0,0,0,0,0,0,1,0
5952,In_Silico,0,0,0,0,0,0,0,1
5953,In_Silico,0,0,0,0,0,0,1,0
5962,In_Silico,0,0,0,0,0,0,0,1
5978,In_Silico,1,0,0,0,0,0,0,0
5994,In_Silico,0,0,0,0,0,0,0,1
6001,In_Silico,1,0,0,0,0,0,0,0
6013,In_Silico,0,0,0,0,1,0,0,0
6025,Library_Match_adduct,0,0,0,0,1,0,0,0
6028,In_Silico,0,0,0,0,0,0,1,0
6032,In_Silico,0,0,0,0,0,0,0,1
6038,In_Silico,0,1,0,0,0,0,0,0
6043,In_Silico,1,0,0,0,0,0,0,0
6044,In_Silico,0,0,0,0,0,0,0,1
6050,In_Silico,0,0,0,0,0,0,0,1
6055,In_Silico,1,0,0,0,0,0,0,0
6061,Library_Match_adduct,0,0,0,0,0,0,0,1
6070,In_Silico,0,0,0,0,0,0,1,0
6073,In_Silico,0,0,0,0,0,0,0,1
6080,In_Silico,0,0,0,0,0,0,0,1
6085,In_Silico,0,0,0,0,0,0,0,1
6088,In_Silico,1,0,0,0,0,0,0,0
6094,In_Silico,0,0,0,0,0,0,0,1
6100,In_Silico,0,0,0,0,0,1,0,0
6119,In_Silico,0,0,0,0,1,0,0,0
6132,In_Silico,0,0,0,0,0,0,0,1
6134,Library_Match_adduct,0,0,0,0,0,0,0,1
6135,In_Silico,0,0,0,0,0,0,0,1
6164,In_Silico,1,0,0,0,0,0,0,0
6165,In_Silico,0,0,0,0,0,0,0,1
6167,Library_Match_adduct,0,0,0,0,0,0,0,1
6168,In_Silico,0,0,0,0,0,1,0,0
6169,In_Silico,0,0,0,0,0,0,0,1
6175,In_Silico,1,0,0,0,0,0,0,0
6177,In_Silico,0,0,0,0,0,0,0,1
6179,In_Silico,1,0,0,0,0,0,0,0
6221,In_Silico,0,0,0,1,0,0,0,0
6223,In_Silico,0,0,0,0,0,0,1,0
6226,In_Silico,0,0,0,0,0,0,0,1
6230,Known_MZ_RT_match,0,0,0,0,0,0,0,1
6238,In_Silico,0,0,0,0,0,0,0,1
6239,In_Silico,1,0,0,0,0,0,0,0
6241,In_Silico,1,0,0,0,0,0,0,0
6244,In_Silico,1,0,0,0,0,0,0,0
6248,Library_Match_adduct,0,0,0,0,0,1,0,0
6270,In_Silico,0,0,0,0,0,0,0,1
6293,Library_Match_adduct,0,1,0,0,0,0,0,0
6303,Library_Match_adduct,0,1,0,0,0,0,0,0
6311,In_Silico,0,0,0,0,0,0,0,1
6317,In_Silico,1,0,0,0,0,0,0,0
6337,In_Silico,1,0,0,0,0,0,0,0
6339,Library_Match_adduct,0,0,0,0,0,0,0,1
6354,In_Silico,0,0,0,0,0,0,0,1
6355,In_Silico,0,0,0,0,0,0,1,0
6362,In_Silico,0,0,0,0,0,0,0,1
6364,In_Silico,0,0,0,0,0,0,0,1
6372,In_Silico,0,0,0,0,0,0,0,1
6398,Library_Match_adduct,0,1,0,0,0,0,0,0
6400,In_Silico,0,0,0,0,0,0,0,1
6407,In_Silico,0,0,0,0,0,0,0,1
6419,In_Silico,0,0,0,0,0,0,0,1
6421,In_Silico,0,0,0,0,0,0,0,1
6428,In_Silico,1,0,0,0,0,0,0,0
6433,In_Silico,1,0,0,0,0,0,0,0
6444,In_Silico,0,0,0,0,0,0,0,1
6445,In_Silico,0,0,0,0,0,0,0,1
6450,In_Silico,0,0,0,0,1,0,0,0
6453,In_Silico,1,0,0,0,0,0,0,0
6465,In_Silico,0,0,0,0,0,0,0,1
6485,In_Silico,0,0,0,0,0,0,0,1
6492,In_Silico,0,0,0,0,0,0,0,1
6494,In_Silico,0,0,0,0,0,0,0,1
6497,Library_Match_adduct,0,1,0,0,0,0,0,0
6502,In_Silico,1,0,0,0,0,0,0,0
6525,Library_Match_adduct,0,1,0,0,0,0,0,0
6526,In_Silico,0,0,0,0,0,0,0,1
6537,In_Silico,0,0,0,0,0,0,0,1
6540,In_Silico,0,0,0,0,0,0,0,1
6547,Library_Match_adduct,0,0,0,0,0,0,0,1
6553,In_Silico,0,0,0,0,0,0,0,1
6561,In_Silico,0,0,0,0,0,0,0,1
6568,In_Silico,0,0,0,0,0,0,0,1
6571,Library_Match_adduct,0,0,0,0,0,0,1,0
6582,In_Silico,1,0,0,0,0,0,0,0
6589,In_Silico,1,0,0,0,0,0,0,0
6593,In_Silico,0,0,0,0,0,0,0,1
6596,In_Silico,0,0,0,0,0,0,1,0
6601,In_Silico,0,0,0,0,0,0,0,1
6602,In_Silico,0,0,0,0,0,0,0,1
6611,In_Silico,0,0,0,0,0,0,0,1
6614,In_Silico,0,0,0,0,0,0,0,1
6628,Library_Match_exact,0,0,0,0,0,0,0,1
6633,Library_Match_exact,0,1,0,0,0,0,0,0
6658,In_Silico,0,0,0,0,0,0,0,1
6672,In_Silico,1,0,0,0,0,0,0,0
6674,In_Silico,1,0,0,0,0,0,0,0
6675,In_Silico,0,0,0,0,0,0,0,1
6681,In_Silico,0,0,0,0,0,1,0,0
6700,In_Silico,0,0,0,0,0,0,0,1
6701,In_Silico,0,0,0,0,0,0,0,1
6703,In_Silico,0,0,0,0,0,0,0,1
6705,In_Silico,0,0,0,0,0,0,0,1
6706,Library_Match_adduct,0,0,0,0,0,0,0,1
6709,In_Silico,0,0,0,0,0,0,0,1
6716,In_Silico,1,0,0,0,0,0,0,0
6724,In_Silico,0,0,0,0,0,0,0,1
6740,In_Silico,1,0,0,0,0,0,0,0
6748,Library_Match_adduct,0,1,0,0,0,0,0,0
6749,Library_Match_adduct,0,1,0,0,0,0,0,0
6751,In_Silico,1,0,0,0,0,0,0,0
6761,In_Silico,1,0,0,0,0,0,0,0
6785,In_Silico,0,0,0,0,0,0,0,1
6786,In_Silico,0,0,0,0,0,0,0,1
6791,In_Silico,0,0,0,0,0,1,0,0
6792,In_Silico,0,0,0,0,0,0,0,1
6793,In_Silico,0,0,0,0,0,0,0,1
6803,In_Silico,0,0,0,0,0,0,0,1
6805,In_Silico,0,0,0,0,0,0,0,1
6815,In_Silico,0,0,0,0,0,0,0,1
6837,In_Silico,0,0,0,0,0,0,0,1
6841,In_Silico,0,0,0,1,0,0,0,0
6855,In_Silico,0,0,0,0,0,1,0,0
6859,In_Silico,0,0,0,0,0,0,0,1
6865,In_Silico,0,0,0,0,0,0,1,0
6875,In_Silico,0,0,0,0,0,0,0,1
6888,In_Silico,0,0,0,0,0,0,0,1
6891,In_Silico,0,0,1,0,0,0,0,0
6898,In_Silico,0,0,0,0,0,1,0,0
6909,In_Silico,1,0,0,0,0,0,0,0
6911,In_Silico,0,0,0,0,0,0,0,1
6916,In_Silico,0,0,0,1,0,0,0,0
6927,In_Silico,0,0,0,1,0,0,0,0
6933,In_Silico,0,0,0,0,0,0,0,1
6943,In_Silico,0,0,0,0,0,0,0,1
6944,In_Silico,0,0,0,0,0,1,0,0
6964,In_Silico,1,0,0,0,0,0,0,0
6968,In_Silico,1,0,0,0,0,0,0,0
6970,In_Silico,0,0,0,0,0,0,0,1
6983,In_Silico,1,0,0,0,0,0,0,0
6991,In_Silico,0,0,0,0,0,0,0,1
6993,In_Silico,1,0,0,0,0,0,0,0
6999,In_Silico,0,0,0,0,0,0,1,0
7020,In_Silico,0,0,0,0,0,0,0,1
7039,In_Silico,0,0,0,0,0,0,0,1
7041,In_Silico,0,0,0,0,0,0,0,1
7067,In_Silico,0,0,0,0,0,0,0,1
7073,In_Silico,1,0,0,0,0,0,0,0
7109,In_Silico,0,0,0,0,0,1,0,0
7110,In_Silico,0,0,0,0,0,0,1,0
7130,In_Silico,0,0,0,0,0,0,0,1
7145,In_Silico,0,0,0,0,0,1,0,0
7151,In_Silico,0,0,0,0,0,0,0,1
7161,In_Silico,0,0,0,0,0,0,1,0
7163,In_Silico,1,0,0,0,0,0,0,0
7168,In_Silico,0,0,0,0,0,0,0,1
7169,In_Silico,0,0,0,0,1,0,0,0
7180,In_Silico,0,0,0,0,0,0,0,1
7188,In_Silico,1,0,0,0,0,0,0,0
7193,In_Silico,0,0,0,0,0,0,0,1
7198,In_Silico,1,0,0,0,0,0,0,0
7199,In_Silico,0,0,0,0,1,0,0,0
7200,In_Silico,0,0,0,0,0,0,1,0
7202,Library_Match_adduct,0,0,0,0,0,0,0,1
7213,In_Silico,0,0,0,0,0,1,0,0
7214,Library_Match_adduct,1,0,0,0,0,0,0,0
7217,In_Silico,0,0,0,0,0,0,0,1
7219,In_Silico,0,0,0,0,0,0,0,1
7228,Library_Match_adduct,0,0,1,0,0,0,0,0
7242,Library_Match_adduct,0,0,0,0,0,0,0,1
7256,Library_Match_adduct,1,0,0,0,0,0,0,0
7258,In_Silico,0,0,0,0,0,0,0,1
7268,Library_Match_exact,0,1,0,0,0,0,0,0
7289,Library_Match_adduct,0,1,0,0,0,0,0,0
7294,In_Silico,1,0,0,0,0,0,0,0
7307,In_Silico,0,0,0,0,0,0,0,1
7314,In_Silico,0,0,0,0,0,1,0,0
7320,In_Silico,1,0,0,0,0,0,0,0
7334,In_Silico,0,0,0,0,0,0,0,1
7356,In_Silico,0,0,0,0,1,0,0,0
7357,In_Silico,0,0,0,0,0,0,0,1
7363,In_Silico,0,0,0,0,0,0,0,1
7366,In_Silico,0,0,0,0,0,0,0,1
7370,In_Silico,0,0,0,0,0,0,0,1
7373,In_Silico,1,0,0,0,0,0,0,0
7399,In_Silico,0,0,0,0,0,0,1,0
7417,In_Silico,1,0,0,0,0,0,0,0
7435,In_Silico,0,0,0,0,0,0,0,1
7439,Library_Match_adduct,0,0,0,0,1,0,0,0
7445,In_Silico,1,0,0,0,0,0,0,0
7451,In_Silico,0,0,0,0,0,0,0,1
7466,In_Silico,0,0,0,0,1,0,0,0
7468,In_Silico,0,0,0,0,0,0,1,0
7481,In_Silico,0,0,0,0,0,0,1,0
7488,In_Silico,0,0,0,0,0,0,0,1
7497,In_Silico,1,0,0,0,0,0,0,0
7498,In_Silico,0,0,0,0,0,0,0,1
7502,In_Silico,1,0,0,0,0,0,0,0
7505,In_Silico,0,0,0,0,0,0,0,1
7512,In_Silico,0,0,0,0,0,1,0,0
7525,In_Silico,0,0,0,0,0,0,0,1
7528,In_Silico,0,0,0,0,0,0,0,1
7530,In_Silico,0,0,0,0,0,0,0,1
7549,In_Silico,0,0,0,0,0,0,0,1
7551,In_Silico,0,0,0,0,0,0,0,1
7555,Library_Match_adduct,0,0,0,0,0,1,0,0
7568,In_Silico,1,0,0,0,0,0,0,0
7574,In_Silico,0,0,0,0,0,0,0,1
7588,In_Silico,0,0,0,0,1,0,0,0
7605,In_Silico,0,0,0,0,0,0,0,1
7627,In_Silico,0,0,0,0,0,0,0,1
7651,In_Silico,0,0,0,0,0,1,0,0
7664,In_Silico,0,0,0,0,0,0,0,1
7667,In_Silico,0,0,0,0,0,0,0,1
7671,In_Silico,0,0,0,0,0,0,0,1
7675,In_Silico,0,0,0,0,0,0,0,1
7680,In_Silico,0,0,0,0,0,0,0,1
7681,Library_Match_exact,0,0,0,0,0,0,0,1
7689,In_Silico,0,0,0,0,0,1,0,0
7698,In_Silico,0,0,0,0,0,0,1,0
7713,In_Silico,0,0,0,0,0,0,0,1
7716,Library_Match_adduct,0,0,0,0,0,0,0,1
7727,In_Silico,1,0,0,0,0,0,0,0
7730,In_Silico,0,0,0,0,1,0,0,0
7731,In_Silico,1,0,0,0,0,0,0,0
7735,In_Silico,0,0,0,0,0,0,0,1
7737,In_Silico,0,0,0,0,0,0,0,1
7738,In_Silico,0,0,0,0,0,0,0,1
7740,In_Silico,0,0,0,0,0,0,0,1
7761,In_Silico,1,0,0,0,0,0,0,0
7767,In_Silico,1,0,0,0,0,0,0,0
7773,In_Silico,1,0,0,0,0,0,0,0
7778,In_Silico,0,0,0,0,0,0,0,1
7787,In_Silico,1,0,0,0,0,0,0,0
7788,In_Silico,0,0,0,0,0,0,0,1
7812,Library_Match_adduct,0,1,0,0,0,0,0,0
7817,In_Silico,1,0,0,0,0,0,0,0
7820,In_Silico,0,0,0,0,0,0,0,1
7838,In_Silico,1,0,0,0,0,0,0,0
7843,In_Silico,0,0,0,0,0,0,0,1
7857,In_Silico,0,0,0,0,1,0,0,0
7861,In_Silico,0,0,0,0,0,0,0,1
7868,In_Silico,1,0,0,0,0,0,0,0
7871,In_Silico,0,0,0,0,0,0,0,1
7882,In_Silico,0,0,0,0,0,0,0,1
7912,In_Silico,0,0,0,0,0,0,0,1
7918,In_Silico,0,0,0,0,0,0,0,1
7926,In_Silico,0,0,0,0,0,0,1,0
7937,In_Silico,1,0,0,0,0,0,0,0
7983,In_Silico,1,0,0,0,0,0,0,0
8022,In_Silico,0,0,0,0,0,0,0,1
8032,In_Silico,0,0,0,0,0,0,0,1
8043,Library_Match_adduct,0,1,0,0,0,0,0,0
8044,In_Silico,0,0,0,0,0,0,0,1
8053,In_Silico,1,0,0,0,0,0,0,0
8068,In_Silico,0,0,0,0,1,0,0,0
8073,In_Silico,0,0,0,0,0,0,0,1
8082,In_Silico,0,0,0,0,0,0,0,1
8088,Library_Match_adduct,0,0,0,0,0,0,0,1
8111,In_Silico,1,0,0,0,0,0,0,0
8194,In_Silico,0,0,0,0,1,0,0,0
8209,In_Silico,0,0,0,0,0,1,0,0
8232,In_Silico,1,0,0,0,0,0,0,0
8242,In_Silico,1,0,0,0,0,0,0,0
8258,In_Silico,1,0,0,0,0,0,0,0
8265,In_Silico,1,0,0,0,0,0,0,0
8313,In_Silico,0,0,0,0,0,0,0,1
8317,In_Silico,0,0,0,0,1,0,0,0
8325,In_Silico,0,0,0,0,0,0,0,1
8334,In_Silico,0,0,0,0,0,0,0,1
8337,In_Silico,0,0,0,0,0,0,0,1
8338,Library_Match_adduct,0,0,0,0,0,0,0,1
8358,In_Silico,0,0,0,0,0,0,1,0
8414,In_Silico,0,0,0,0,0,0,0,1
8417,In_Silico,0,0,0,0,0,1,0,0
8430,In_Silico,0,0,0,0,0,0,0,1
8442,Library_Match_adduct,0,0,0,0,0,0,0,1
8469,In_Silico,0,0,0,0,0,0,0,1
8471,In_Silico,0,0,0,0,0,0,0,1
8519,In_Silico,0,0,0,0,1,0,0,0
8523,Library_Match_adduct,0,0,0,0,0,0,0,1
8539,Library_Match_exact,0,0,0,0,0,0,0,1
8541,In_Silico,1,0,0,0,0,0,0,0
8595,In_Silico,0,0,0,0,1,0,0,0
8600,Library_Match_adduct,0,0,0,1,0,0,0,0
8602,Library_Match_adduct,0,0,0,0,0,0,0,1
8606,In_Silico,0,0,0,0,0,1,0,0
8608,In_Silico,0,0,0,0,0,0,0,1
8623,In_Silico,0,0,0,0,0,0,0,1
8632,In_Silico,0,0,0,0,0,0,0,1
8639,In_Silico,0,0,0,0,0,0,0,1
8644,In_Silico,0,0,1,0,0,0,0,0
8647,Library_Match_exact,0,1,0,0,0,0,0,0
8652,In_Silico,0,0,0,0,0,1,0,0
8661,In_Silico,0,0,0,0,0,0,0,1
8662,In_Silico,0,0,0,0,0,0,0,1
8669,Library_Match_adduct,0,0,0,0,0,0,0,1
8672,In_Silico,0,0,0,0,0,0,0,1
8682,In_Silico,0,0,0,0,0,0,1,0
8708,Library_Match_adduct,0,0,0,0,0,0,0,1
8719,In_Silico,0,0,0,0,1,0,0,0
8753,In_Silico,1,0,0,0,0,0,0,0
8757,In_Silico,1,0,0,0,0,0,0,0
8770,In_Silico,0,0,0,0,0,0,0,1
8786,In_Silico,0,0,0,0,0,0,0,1
8791,Library_Match_adduct,0,1,0,0,0,0,0,0
8796,In_Silico,0,0,0,0,0,0,0,1
8803,Library_Match_adduct,0,0,0,0,0,0,0,1
8820,Library_Match_exact,0,0,0,1,0,0,0,0
8833,In_Silico,0,0,0,0,0,0,0,1
8844,In_Silico,0,0,0,0,0,0,1,0
8851,In_Silico,1,0,0,0,0,0,0,0
8855,In_Silico,0,0,0,0,0,0,0,1
8858,In_Silico,0,0,0,0,0,0,0,1
8865,In_Silico,0,0,0,0,0,1,0,0
8878,In_Silico,0,0,0,0,0,0,0,1
8880,In_Silico,0,0,0,0,0,1,0,0
8885,In_Silico,0,0,0,0,0,0,0,1
8915,In_Silico,0,0,0,0,0,0,0,1
8934,In_Silico,0,0,0,0,0,0,0,1
8937,In_Silico,1,0,0,0,0,0,0,0
8956,In_Silico,0,0,0,0,1,0,0,0
8962,In_Silico,1,0,0,0,0,0,0,0
9010,Library_Match_adduct,0,0,0,0,0,0,0,1
9020,In_Silico,1,0,0,0,0,0,0,0
9033,In_Silico,0,0,0,1,0,0,0,0
9044,In_Silico,1,0,0,0,0,0,0,0
9198,In_Silico,0,0,0,0,0,0,0,1
9225,In_Silico,0,0,0,0,0,0,0,1
9229,In_Silico,0,0,0,0,0,0,0,1
9263,In_Silico,0,0,0,0,0,1,0,0
9317,In_Silico,1,0,0,0,0,0,0,0
9319,In_Silico,0,0,0,0,0,0,0,1
9364,In_Silico,0,0,0,0,0,1,0,0
9377,In_Silico,0,0,0,0,0,0,0,1
9391,In_Silico,1,0,0,0,0,0,0,0
9414,In_Silico,0,0,0,0,0,0,0,1
9452,Library_Match_adduct,0,0,0,0,0,0,0,1
9481,In_Silico,0,0,0,0,0,0,0,1
9491,In_Silico,0,0,0,0,0,0,0,1
9531,In_Silico,1,0,0,0,0,0,0,0
9565,In_Silico,1,0,0,0,0,0,0,0
9582,In_Silico,0,0,0,0,0,0,0,1
9612,In_Silico,0,0,0,0,0,0,0,1
9634,Library_Match_exact,0,1,0,0,0,0,0,0
9654,In_Silico,0,0,0,0,0,0,0,1
9666,In_Silico,0,0,0,0,0,0,0,1
9678,In_Silico,1,0,0,0,0,0,0,0
9745,In_Silico,0,0,0,0,0,0,0,1
9818,In_Silico,0,0,0,0,0,0,0,1
9917,In_Silico,0,0,0,0,0,0,0,1
9929,In_Silico,0,0,0,0,0,0,0,1
9972,In_Silico,0,0,0,0,1,0,0,0
10018,In_Silico,1,0,0,0,0,0,0,0
10025,In_Silico,0,0,0,0,1,0,0,0
10031,In_Silico,1,0,0,0,0,0,0,0
10112,Library_Match_adduct,0,0,0,0,1,0,0,0
10144,In_Silico,1,0,0,0,0,0,0,0
10147,In_Silico,0,0,0,0,1,0,0,0
10153,In_Silico,0,0,0,0,0,0,0,1
10170,In_Silico,1,0,0,0,0,0,0,0
10177,In_Silico,0,0,0,0,0,0,0,1
10202,Library_Match_adduct,0,0,0,0,0,1,0,0
10290,In_Silico,0,0,0,0,0,0,0,1
10309,In_Silico,0,0,0,0,0,0,0,1
10314,Known_MZ_RT_match,0,1,0,0,0,0,0,0
10315,In_Silico,0,0,0,0,0,0,0,1
10316,In_Silico,0,0,0,0,0,0,0,1
10318,In_Silico,1,0,0,0,0,0,0,0
10320,Library_Match_exact,0,0,0,0,0,0,0,1
10328,In_Silico,0,0,0,0,0,0,0,1
10331,In_Silico,0,0,0,0,0,0,0,1
10332,In_Silico,0,0,0,0,0,0,1,0
10333,In_Silico,0,0,0,0,0,0,0,1
10334,In_Silico,0,0,0,0,0,0,0,1
10335,Library_Match_exact,0,1,0,0,0,0,0,0
10337,In_Silico,0,0,0,0,0,0,0,1
10338,In_Silico,1,0,0,0,0,0,0,0
10343,In_Silico,1,0,0,0,0,0,0,0
10344,In_Silico,1,0,0,0,0,0,0,0
10347,In_Silico,0,0,0,0,1,0,0,0
10349,In_Silico,0,0,0,0,0,0,0,1
10350,In_Silico,0,0,0,0,0,0,0,1
10351,Library_Match_exact,0,0,0,0,0,0,0,1
10352,In_Silico,0,0,0,0,0,0,0,1
10354,In_Silico,1,0,0,0,0,0,0,0
10355,In_Silico,0,1,0,0,0,0,0,0
10357,In_Silico,0,0,0,0,0,0,0,1
10360,In_Silico,0,0,0,0,0,0,0,1
10363,In_Silico,1,0,0,0,0,0,0,0
10364,In_Silico,0,0,0,0,0,0,0,1
10366,In_Silico,0,0,0,0,0,0,0,1
10368,In_Silico,1,0,0,0,0,0,0,0
10370,In_Silico,0,0,0,0,0,0,0,1
10371,Library_Match_exact,0,0,0,0,0,0,0,1
10375,In_Silico,0,0,0,0,0,0,0,1
10377,In_Silico,1,0,0,0,0,0,0,0
10378,In_Silico,1,0,0,0,0,0,0,0
10386,In_Silico,1,0,0,0,0,0,0,0
10388,Library_Match_exact,0,0,0,0,0,0,1,0
10391,Library_Match_adduct,0,1,0,0,0,0,0,0
10393,In_Silico,1,0,0,0,0,0,0,0
10394,Library_Match_exact,0,0,0,0,0,0,0,1
10396,In_Silico,1,0,0,0,0,0,0,0
10397,In_Silico,0,0,0,0,0,0,0,1
10399,In_Silico,1,0,0,0,0,0,0,0
10401,In_Silico,0,0,0,0,0,1,0,0
10403,In_Silico,1,0,0,0,0,0,0,0
10407,In_Silico,0,0,0,0,0,0,0,1
10409,In_Silico,0,0,0,0,0,0,0,1
10415,In_Silico,0,0,0,0,0,0,0,1
10416,In_Silico,0,0,0,0,0,0,0,1
10418,In_Silico,1,0,0,0,0,0,0,0
10419,In_Silico,0,0,0,0,0,0,0,1
10420,In_Silico,1,0,0,0,0,0,0,0
10423,In_Silico,0,1,0,0,0,0,0,0
10425,In_Silico,1,0,0,0,0,0,0,0
10426,In_Silico,1,0,0,0,0,0,0,0
10427,In_Silico,0,0,0,0,0,0,0,1
10429,In_Silico,0,0,0,0,0,0,0,1
10433,In_Silico,0,0,0,0,0,0,0,1
10435,In_Silico,1,0,0,0,0,0,0,0
10436,In_Silico,0,0,0,0,0,0,0,1
10441,Library_Match_exact,0,0,0,0,0,1,0,0
10445,In_Silico,0,0,0,0,0,0,0,1
10448,In_Silico,1,0,0,0,0,0,0,0
10454,In_Silico,0,0,0,0,0,0,0,1
10455,In_Silico,1,0,0,0,0,0,0,0
10458,In_Silico,1,0,0,0,0,0,0,0
10462,In_Silico,0,0,0,0,0,0,0,1
10463,In_Silico,1,0,0,0,0,0,0,0
10466,In_Silico,0,0,0,0,0,0,0,1
10469,In_Silico,0,0,0,0,1,0,0,0
10470,In_Silico,0,0,0,0,0,0,0,1
10471,In_Silico,0,0,0,0,0,0,0,1
10474,In_Silico,1,0,0,0,0,0,0,0
10479,In_Silico,0,0,0,0,0,0,0,1
10484,Library_Match_exact,0,0,0,0,0,1,0,0
10487,In_Silico,0,0,0,0,0,0,0,1
10488,In_Silico,0,0,0,0,0,0,0,1
10489,In_Silico,0,0,0,0,0,0,0,1
10492,In_Silico,0,0,0,0,0,0,0,1
10493,In_Silico,0,0,0,0,1,0,0,0
10502,In_Silico,1,0,0,0,0,0,0,0
10511,In_Silico,0,0,0,0,0,0,0,1
10515,In_Silico,0,0,0,0,0,0,0,1
10517,In_Silico,0,0,0,0,0,0,0,1
10522,In_Silico,1,0,0,0,0,0,0,0
10523,In_Silico,0,0,0,0,0,0,0,1
10524,In_Silico,0,0,0,0,0,0,0,1
10530,In_Silico,1,0,0,0,0,0,0,0
10534,In_Silico,0,0,0,0,0,0,0,1
10538,Library_Match_adduct,0,0,0,0,0,0,0,1
10555,In_Silico,0,0,0,0,0,0,0,1
10565,In_Silico,0,1,0,0,0,0,0,0
10566,In_Silico,0,0,0,0,0,0,0,1
10571,In_Silico,0,0,0,0,0,0,0,1
10575,In_Silico,1,0,0,0,0,0,0,0
10577,In_Silico,1,0,0,0,0,0,0,0
10582,In_Silico,0,0,0,0,0,0,0,1
10586,In_Silico,0,0,0,0,0,0,0,1
10587,In_Silico,0,0,0,0,0,0,0,1
10588,In_Silico,0,0,0,0,0,0,0,1
10593,In_Silico,0,0,0,0,0,0,0,1
10596,Library_Match_exact,0,0,0,0,0,0,0,1
10597,In_Silico,1,0,0,0,0,0,0,0
10607,In_Silico,0,0,0,0,0,0,0,1
10616,Library_Match_adduct,0,0,0,0,0,0,0,1
10617,In_Silico,0,0,0,0,0,0,0,1
10622,In_Silico,1,0,0,0,0,0,0,0
10624,In_Silico,0,0,0,0,0,1,0,0
10627,In_Silico,0,0,0,0,1,0,0,0
10631,In_Silico,0,0,0,0,0,0,0,1
10637,In_Silico,0,0,0,0,0,0,0,1
10642,In_Silico,1,0,0,0,0,0,0,0
10645,In_Silico,0,0,0,0,0,0,0,1
10649,In_Silico,0,0,0,0,0,0,0,1
10650,In_Silico,0,0,0,0,0,0,0,1
10662,Library_Match_adduct,0,0,0,0,0,0,0,1
10667,In_Silico,0,0,0,0,0,0,0,1
10670,In_Silico,1,0,0,0,0,0,0,0
10678,In_Silico,1,0,0,0,0,0,0,0
10682,In_Silico,0,0,0,0,0,0,0,1
10685,In_Silico,0,0,0,0,0,1,0,0
10697,In_Silico,0,0,0,0,0,0,0,1
10706,In_Silico,0,0,0,0,0,0,0,1
10707,In_Silico,0,0,0,0,0,0,0,1
10709,In_Silico,0,0,0,0,0,0,0,1
10710,In_Silico,1,0,0,0,0,0,0,0
10721,In_Silico,0,0,0,0,0,0,0,1
10732,Library_Match_exact,0,0,0,0,0,0,0,1
10733,In_Silico,0,0,0,0,0,0,0,1
10737,Library_Match_adduct,0,0,0,0,0,0,1,0
10738,In_Silico,0,0,0,0,0,0,1,0
10744,Library_Match_adduct,0,0,0,0,0,0,0,1
10750,In_Silico,0,0,0,0,0,0,0,1
10760,In_Silico,0,0,0,0,0,0,0,1
10765,In_Silico,0,0,0,0,0,0,0,1
10766,In_Silico,1,0,0,0,0,0,0,0
10772,In_Silico,0,0,0,0,0,0,0,1
10778,In_Silico,0,0,0,0,0,0,0,1
10779,In_Silico,1,0,0,0,0,0,0,0
10787,In_Silico,1,0,0,0,0,0,0,0
10795,In_Silico,0,0,0,0,0,1,0,0
10797,In_Silico,0,1,0,0,0,0,0,0
10798,In_Silico,0,0,0,0,0,0,0,1
10811,In_Silico,0,0,0,0,0,0,0,1
10813,In_Silico,1,0,0,0,0,0,0,0
10814,In_Silico,1,0,0,0,0,0,0,0
10815,In_Silico,0,0,0,0,0,0,0,1
10820,In_Silico,0,0,0,0,0,1,0,0
10822,In_Silico,0,0,0,0,0,0,0,1
10828,In_Silico,0,0,0,0,0,0,0,1
10830,In_Silico,0,0,0,0,0,0,0,1
10836,In_Silico,0,0,0,0,0,0,0,1
10842,Library_Match_exact,0,0,0,0,0,0,0,1
10845,In_Silico,1,0,0,0,0,0,0,0
10852,In_Silico,0,0,0,0,0,0,0,1
10859,In_Silico,1,0,0,0,0,0,0,0
10865,In_Silico,0,0,0,0,0,1,0,0
10868,In_Silico,1,0,0,0,0,0,0,0
10870,In_Silico,0,0,0,0,0,0,0,1
10877,In_Silico,1,0,0,0,0,0,0,0
10883,In_Silico,0,0,0,0,0,0,0,1
10887,Library_Match_exact,0,0,0,0,0,0,0,1
10894,In_Silico,0,0,0,0,1,0,0,0
10895,In_Silico,1,0,0,0,0,0,0,0
10906,In_Silico,0,0,0,0,0,0,1,0
10909,Library_Match_exact,0,0,0,0,0,0,0,1
10917,Library_Match_adduct,0,0,0,0,0,0,1,0
10919,In_Silico,1,0,0,0,0,0,0,0
10920,In_Silico,1,0,0,0,0,0,0,0
10925,In_Silico,0,0,0,0,0,0,0,1
10930,In_Silico,0,0,0,0,1,0,0,0
10938,In_Silico,1,0,0,0,0,0,0,0
10942,In_Silico,0,0,0,0,0,0,0,1
10943,In_Silico,0,0,0,0,0,0,0,1
10947,In_Silico,1,0,0,0,0,0,0,0
10957,In_Silico,0,0,0,0,0,0,0,1
10959,In_Silico,0,0,0,0,1,0,0,0
10978,In_Silico,1,0,0,0,0,0,0,0
10984,In_Silico,0,0,0,0,0,0,0,1
10991,In_Silico,1,0,0,0,0,0,0,0
10992,In_Silico,0,0,0,0,0,0,0,1
10998,In_Silico,0,0,0,0,0,0,0,1
11001,In_Silico,1,0,0,0,0,0,0,0
11014,In_Silico,0,0,0,0,0,0,0,1
11016,In_Silico,0,0,0,0,0,0,0,1
11021,In_Silico,0,0,0,0,1,0,0,0
11028,In_Silico,0,0,0,0,0,0,0,1
11037,In_Silico,1,0,0,0,0,0,0,0
11040,In_Silico,0,0,0,0,0,0,0,1
11045,In_Silico,0,0,0,0,0,0,1,0
11054,In_Silico,0,0,0,0,1,0,0,0
11056,In_Silico,0,0,0,0,0,0,0,1
11064,In_Silico,0,0,0,0,1,0,0,0
11065,In_Silico,0,0,0,0,0,0,0,1
11070,In_Silico,1,0,0,0,0,0,0,0
11072,In_Silico,0,0,0,0,0,0,0,1
11075,Library_Match_exact,0,0,0,1,0,0,0,0
11077,In_Silico,0,0,0,0,0,0,0,1
11082,In_Silico,0,0,0,0,0,0,0,1
11083,Library_Match_exact,0,0,0,0,0,0,1,0
11093,In_Silico,0,0,0,0,0,0,0,1
11109,In_Silico,0,0,0,0,0,0,1,0
11110,In_Silico,0,0,0,0,0,0,0,1
11111,In_Silico,0,0,0,0,0,0,0,1
11119,Library_Match_exact,0,0,0,0,0,0,0,1
11120,In_Silico,1,0,0,0,0,0,0,0
11123,In_Silico,0,0,0,0,0,0,0,1
11133,In_Silico,0,0,0,0,0,0,0,1
11134,In_Silico,0,0,0,0,0,0,0,1
11136,In_Silico,1,0,0,0,0,0,0,0
11137,In_Silico,0,0,0,0,0,1,0,0
11142,In_Silico,0,0,0,0,0,0,0,1
11146,In_Silico,0,0,0,0,0,0,0,1
11148,In_Silico,1,0,0,0,0,0,0,0
11151,In_Silico,1,0,0,0,0,0,0,0
11155,In_Silico,0,0,0,0,0,0,0,1
11169,In_Silico,1,0,0,0,0,0,0,0
11172,In_Silico,0,1,0,0,0,0,0,0
11182,In_Silico,0,0,0,0,0,0,0,1
11183,In_Silico,1,0,0,0,0,0,0,0
11186,In_Silico,0,0,0,0,0,0,0,1
11187,In_Silico,1,0,0,0,0,0,0,0
11188,Library_Match_adduct,0,1,0,0,0,0,0,0
11193,In_Silico,0,0,0,0,0,0,0,1
11201,In_Silico,0,0,0,0,0,0,0,1
11207,In_Silico,0,0,0,0,0,0,0,1
11215,In_Silico,0,0,0,0,0,0,0,1
11230,In_Silico,1,0,0,0,0,0,0,0
11241,In_Silico,0,0,0,0,0,0,0,1
11277,In_Silico,0,0,0,0,0,0,0,1
11279,In_Silico,1,0,0,0,0,0,0,0
11280,In_Silico,0,0,0,0,0,0,1,0
11294,In_Silico,1,0,0,0,0,0,0,0
11297,In_Silico,1,0,0,0,0,0,0,0
11298,In_Silico,0,0,0,1,0,0,0,0
11308,In_Silico,0,0,0,0,0,0,0,1
11316,In_Silico,0,0,0,0,0,0,0,1
11319,In_Silico,1,0,0,0,0,0,0,0
11321,In_Silico,0,0,0,0,0,0,0,1
11327,Library_Match_adduct,0,1,0,0,0,0,0,0
11328,Library_Match_adduct,0,1,0,0,0,0,0,0
11333,In_Silico,0,0,0,0,0,0,0,1
11364,In_Silico,1,0,0,0,0,0,0,0
11365,In_Silico,0,0,1,0,0,0,0,0
11383,In_Silico,0,0,0,0,1,0,0,0
11384,In_Silico,0,0,0,0,0,0,0,1
11390,In_Silico,1,0,0,0,0,0,0,0
11396,In_Silico,0,0,0,0,0,0,0,1
11416,In_Silico,0,0,0,0,0,0,0,1
11418,In_Silico,1,0,0,0,0,0,0,0
11448,In_Silico,1,0,0,0,0,0,0,0
11452,Library_Match_adduct,0,0,0,0,0,0,0,1
11475,In_Silico,0,0,0,0,1,0,0,0
11480,In_Silico,1,0,0,0,0,0,0,0
11483,In_Silico,1,0,0,0,0,0,0,0
11490,In_Silico,0,0,0,0,0,0,0,1
11499,In_Silico,0,0,0,0,0,0,0,1
11504,Library_Match_adduct,1,0,0,0,0,0,0,0
11518,In_Silico,0,0,0,0,0,0,0,1
11530,In_Silico,0,0,0,0,0,0,0,1
11547,Library_Match_adduct,0,0,0,0,0,0,0,1
11581,In_Silico,0,0,0,0,0,0,0,1
11583,In_Silico,0,0,0,0,0,0,0,1
11588,In_Silico,0,0,0,0,0,0,0,1
11592,In_Silico,0,0,0,0,0,0,0,1
11608,In_Silico,1,0,0,0,0,0,0,0
11612,In_Silico,0,0,0,0,0,0,0,1
11629,In_Silico,0,0,0,0,0,0,0,1
11666,In_Silico,0,0,0,0,0,0,0,1
11678,In_Silico,0,0,0,0,0,0,0,1
11684,In_Silico,1,0,0,0,0,0,0,0
11689,In_Silico,0,0,0,0,0,0,0,1
11695,Library_Match_adduct,0,1,0,0,0,0,0,0
11707,In_Silico,0,0,0,0,0,0,0,1
11736,In_Silico,0,0,0,0,0,0,0,1
11776,In_Silico,0,0,0,0,0,0,0,1
11824,In_Silico,0,0,0,0,0,0,0,1
11873,In_Silico,0,0,0,0,0,0,0,1
11942,In_Silico,1,0,0,0,0,0,0,0
11960,In_Silico,0,0,0,0,0,0,0,1
11977,In_Silico,0,0,0,0,0,0,0,1
11983,In_Silico,0,0,0,0,0,0,0,1
11994,In_Silico,1,0,0,0,0,0,0,0
12003,In_Silico,0,0,0,0,1,0,0,0
12024,In_Silico,0,0,0,0,0,0,0,1
12058,In_Silico,0,0,0,0,0,0,0,1
12073,In_Silico,1,0,0,0,0,0,0,0
12075,In_Silico,0,0,0,0,0,0,0,1
12101,In_Silico,0,0,0,0,0,0,0,1
12122,In_Silico,0,0,0,0,0,0,0,1
12163,In_Silico,0,0,0,0,0,0,0,1
12233,In_Silico,0,0,0,0,0,0,0,1
12267,In_Silico,0,0,0,0,0,0,0,1
12275,In_Silico,0,0,0,0,0,0,0,1
12287,In_Silico,1,0,0,0,0,0,0,0
12386,In_Silico,0,0,0,0,0,0,0,1
12455,In_Silico,1,0,0,0,0,0,0,0
12530,In_Silico,0,0,0,0,0,0,0,1
12554,In_Silico,0,0,1,0,0,0,0,0
12558,In_Silico,0,0,0,0,0,0,0,1
12567,In_Silico,0,0,0,0,0,0,0,1
12698,In_Silico,1,0,0,0,0,0,0,0
12786,In_Silico,0,0,0,0,0,0,1,0
13032,In_Silico,1,0,0,0,0,0,0,0
13114,In_Silico,0,0,0,0,0,0,0,1
13116,In_Silico,0,0,0,0,0,0,0,1
13120,In_Silico,0,0,0,0,0,0,0,1
13121,In_Silico,0,1,0,0,0,0,0,0
13148,In_Silico,0,0,0,0,0,0,0,1
13162,In_Silico,1,0,0,0,0,0,0,0
13164,In_Silico,0,0,0,0,0,0,0,1
13169,In_Silico,0,0,0,0,0,0,0,1
13176,In_Silico,0,0,0,0,0,0,0,1
13182,In_Silico,0,0,0,0,1,0,0,0
13193,In_Silico,0,0,0,0,0,0,0,1
13217,In_Silico,0,0,0,1,0,0,0,0
13229,In_Silico,0,0,0,0,0,0,0,1
13235,In_Silico,0,0,0,0,0,1,0,0
13259,In_Silico,0,0,0,0,0,0,0,1
13260,In_Silico,0,0,0,0,0,0,0,1
13263,In_Silico,0,0,0,0,0,0,0,1
13265,In_Silico,0,0,0,0,0,0,0,1
13270,In_Silico,0,1,0,0,0,0,0,0
13278,In_Silico,0,0,0,0,0,0,0,1
13288,In_Silico,0,0,0,0,0,0,0,1
13297,In_Silico,0,0,0,0,0,0,0,1
13300,In_Silico,0,0,0,0,0,1,0,0
13314,In_Silico,0,0,0,0,0,0,0,1
13321,In_Silico,0,0,0,0,0,0,0,1
13327,In_Silico,0,0,0,0,1,0,0,0
13328,In_Silico,0,0,0,0,0,0,0,1
13330,In_Silico,0,0,0,0,0,0,0,1
13334,In_Silico,0,1,0,0,0,0,0,0
13351,In_Silico,0,0,0,0,0,0,1,0
13359,In_Silico,0,0,0,0,0,0,1,0
13361,In_Silico,0,0,1,0,0,0,0,0
13365,In_Silico,0,0,0,0,0,0,0,1
13392,In_Silico,0,0,0,0,0,0,0,1
13412,In_Silico,0,0,0,0,0,1,0,0
13413,In_Silico,0,0,0,0,0,0,0,1
13428,In_Silico,0,0,0,0,0,1,0,0
13450,In_Silico,0,0,0,1,0,0,0,0
13463,In_Silico,0,0,0,0,0,0,1,0
13475,In_Silico,0,0,0,0,0,0,0,1
13479,In_Silico,0,1,0,0,0,0,0,0
13481,In_Silico,0,0,0,0,0,0,0,1
13484,In_Silico,0,0,0,0,0,1,0,0
13486,In_Silico,0,0,0,0,0,0,0,1
13487,In_Silico,0,0,0,0,0,1,0,0
13491,In_Silico,0,0,0,0,1,0,0,0
13498,In_Silico,0,0,0,0,0,0,0,1
13500,In_Silico,0,0,0,1,0,0,0,0
13502,In_Silico,0,0,0,0,0,0,0,1
13503,In_Silico,0,0,0,0,0,0,0,1
13504,In_Silico,0,0,0,0,0,0,0,1
13509,In_Silico,1,0,0,0,0,0,0,0
13510,In_Silico,1,0,0,0,0,0,0,0
13512,In_Silico,1,0,0,0,0,0,0,0
13513,In_Silico,1,0,0,0,0,0,0,0
13515,In_Silico,0,0,0,0,0,1,0,0
13516,In_Silico,1,0,0,0,0,0,0,0
13518,In_Silico,0,0,0,0,0,0,0,1
13519,In_Silico,1,0,0,0,0,0,0,0
13520,In_Silico,1,0,0,0,0,0,0,0
13521,In_Silico,0,0,0,0,0,0,0,1
13523,In_Silico,1,0,0,0,0,0,0,0
13524,In_Silico,1,0,0,0,0,0,0,0
13525,In_Silico,1,0,0,0,0,0,0,0
13526,In_Silico,1,0,0,0,0,0,0,0
13527,In_Silico,0,0,0,0,0,0,0,1
13528,In_Silico,1,0,0,0,0,0,0,0
13530,In_Silico,1,0,0,0,0,0,0,0
13531,In_Silico,0,0,1,0,0,0,0,0
13534,In_Silico,0,0,0,0,0,0,0,1
13535,In_Silico,0,0,0,0,0,0,0,1
13538,In_Silico,1,0,0,0,0,0,0,0
13539,In_Silico,1,0,0,0,0,0,0,0
13541,In_Silico,0,0,0,0,1,0,0,0
13543,In_Silico,0,0,0,0,0,0,0,1
13544,In_Silico,0,0,0,0,0,0,0,1
13545,In_Silico,0,0,0,0,0,0,0,1
13547,In_Silico,0,0,0,0,0,0,0,1
13548,In_Silico,0,0,0,0,0,1,0,0
13549,In_Silico,0,0,0,0,0,1,0,0
13552,In_Silico,0,0,0,0,0,0,0,1
13553,In_Silico,0,0,0,0,0,0,0,1
13554,In_Silico,0,0,0,0,0,0,1,0
13555,In_Silico,0,0,0,0,0,0,0,1
13556,In_Silico,0,0,0,0,0,0,0,1
13558,In_Silico,0,1,0,0,0,0,0,0
13559,In_Silico,0,0,0,0,0,0,0,1
13560,In_Silico,0,0,0,0,0,1,0,0
13561,In_Silico,0,0,0,0,0,0,0,1
13562,In_Silico,0,0,0,1,0,0,0,0
13563,In_Silico,0,0,0,0,0,0,0,1
13564,In_Silico,0,0,0,0,0,0,0,1
13565,In_Silico,0,1,0,0,0,0,0,0
13566,In_Silico,0,0,0,0,0,0,0,1
13568,In_Silico,1,0,0,0,0,0,0,0
13569,In_Silico,0,0,0,0,0,0,0,1
13571,In_Silico,0,0,0,0,0,0,0,1
13573,In_Silico,0,1,0,0,0,0,0,0
13574,In_Silico,1,0,0,0,0,0,0,0
13575,In_Silico,0,0,0,0,0,0,0,1
13577,In_Silico,0,0,0,0,0,0,0,1
13578,In_Silico,0,0,0,1,0,0,0,0
13579,In_Silico,0,0,0,0,1,0,0,0
13580,In_Silico,0,0,0,0,1,0,0,0
13581,In_Silico,0,0,0,0,1,0,0,0
13582,In_Silico,0,0,0,0,1,0,0,0
13583,In_Silico,0,0,0,0,1,0,0,0
13584,In_Silico,0,0,0,0,1,0,0,0
13585,In_Silico,0,0,0,0,1,0,0,0
13586,In_Silico,1,0,0,0,0,0,0,0
13587,In_Silico,1,0,0,0,0,0,0,0
13588,In_Silico,1,0,0,0,0,0,0,0
13589,In_Silico,1,0,0,0,0,0,0,0
13590,In_Silico,0,0,0,0,0,0,0,1
13591,In_Silico,1,0,0,0,0,0,0,0
13592,In_Silico,1,0,0,0,0,0,0,0
13593,In_Silico,1,0,0,0,0,0,0,0
13594,In_Silico,0,0,0,0,0,0,0,1
13595,In_Silico,0,1,0,0,0,0,0,0
13596,In_Silico,0,0,0,0,1,0,0,0
13597,In_Silico,0,0,0,0,0,0,0,1
13598,In_Silico,0,0,0,0,1,0,0,0
13601,In_Silico,0,0,0,0,0,0,0,1
13602,In_Silico,1,0,0,0,0,0,0,0
13603,In_Silico,1,0,0,0,0,0,0,0
13604,In_Silico,0,0,0,0,0,0,0,1
13605,In_Silico,0,0,0,0,0,0,0,1
13606,In_Silico,0,0,0,0,1,0,0,0
13607,In_Silico,0,1,0,0,0,0,0,0
13608,In_Silico,0,0,1,0,0,0,0,0
13609,In_Silico,0,0,0,0,1,0,0,0
13610,In_Silico,0,0,0,0,0,0,0,1
13611,In_Silico,0,0,0,0,0,0,0,1
13612,In_Silico,0,0,0,0,0,0,0,1
13614,In_Silico,0,1,0,0,0,0,0,0
13615,In_Silico,1,0,0,0,0,0,0,0
13616,In_Silico,0,0,0,0,1,0,0,0
13617,In_Silico,0,0,0,0,0,0,0,1
13619,In_Silico,0,1,0,0,0,0,0,0
13620,In_Silico,1,0,0,0,0,0,0,0
13621,In_Silico,0,1,0,0,0,0,0,0
13622,In_Silico,0,1,0,0,0,0,0,0
13623,In_Silico,0,0,0,0,0,0,0,1
13624,In_Silico,1,0,0,0,0,0,0,0
13626,In_Silico,0,1,0,0,0,0,0,0
13627,In_Silico,0,0,0,0,1,0,0,0
13628,In_Silico,0,0,0,0,1,0,0,0
13629,In_Silico,0,0,0,0,0,1,0,0
13630,In_Silico,0,0,0,0,0,0,0,1
13631,In_Silico,0,0,0,0,0,0,0,1
13632,In_Silico,0,0,0,0,1,0,0,0
13633,In_Silico,0,1,0,0,0,0,0,0
13634,In_Silico,0,0,0,0,0,0,0,1
13635,In_Silico,0,0,0,0,0,0,1,0
13636,In_Silico,0,0,0,0,0,1,0,0
13637,In_Silico,0,1,0,0,0,0,0,0
13640,In_Silico,0,0,1,0,0,0,0,0
13641,In_Silico,0,0,1,0,0,0,0,0
13642,In_Silico,0,0,1,0,0,0,0,0
13643,In_Silico,1,0,0,0,0,0,0,0
13644,In_Silico,0,0,0,0,0,0,0,1
13645,In_Silico,0,0,1,0,0,0,0,0
13646,In_Silico,0,0,0,0,0,0,0,1
13648,In_Silico,0,0,0,0,0,0,0,1
13650,In_Silico,1,0,0,0,0,0,0,0
13651,In_Silico,1,0,0,0,0,0,0,0
13652,In_Silico,0,0,0,0,1,0,0,0
13653,In_Silico,0,0,0,0,0,0,0,1
13654,In_Silico,0,0,0,0,0,0,0,1
13655,In_Silico,0,0,0,0,0,0,0,1
13657,In_Silico,0,0,0,0,0,1,0,0
13658,In_Silico,0,0,0,0,0,1,0,0
13659,In_Silico,0,0,0,0,0,0,0,1
13661,In_Silico,0,0,0,0,0,0,0,1
13662,In_Silico,0,0,0,0,0,0,0,1
13664,In_Silico,0,0,0,0,0,0,0,1
13665,In_Silico,1,0,0,0,0,0,0,0
13666,In_Silico,0,0,0,0,0,1,0,0
13667,In_Silico,0,0,0,0,1,0,0,0
13668,In_Silico,0,0,0,0,1,0,0,0
13670,In_Silico,0,0,0,0,0,0,0,1
13671,In_Silico,0,0,0,0,0,0,0,1
13673,In_Silico,1,0,0,0,0,0,0,0
13674,In_Silico,1,0,0,0,0,0,0,0
13675,In_Silico,1,0,0,0,0,0,0,0
13676,In_Silico,1,0,0,0,0,0,0,0
13678,In_Silico,1,0,0,0,0,0,0,0
13680,In_Silico,1,0,0,0,0,0,0,0
13681,In_Silico,1,0,0,0,0,0,0,0
13682,In_Silico,1,0,0,0,0,0,0,0
13683,In_Silico,0,0,0,0,0,0,0,1
13686,In_Silico,0,0,0,0,0,0,0,1
13687,In_Silico,0,0,0,0,0,0,0,1
13689,In_Silico,0,1,0,0,0,0,0,0
13692,In_Silico,0,0,0,0,1,0,0,0
13693,In_Silico,0,0,0,0,1,0,0,0
13694,In_Silico,0,0,0,0,1,0,0,0
13695,In_Silico,0,0,0,0,1,0,0,0
13696,In_Silico,0,0,0,0,1,0,0,0
13697,In_Silico,0,0,0,0,1,0,0,0
13698,In_Silico,0,0,0,0,1,0,0,0
13701,In_Silico,0,0,0,0,0,0,0,1
13702,In_Silico,0,0,0,0,0,0,0,1
13703,In_Silico,0,0,0,0,0,0,0,1
13704,In_Silico,0,0,0,0,0,0,0,1
13705,In_Silico,0,0,1,0,0,0,0,0
13706,In_Silico,0,0,1,0,0,0,0,0
13707,In_Silico,0,0,0,0,0,1,0,0
13708,In_Silico,0,0,0,0,0,1,0,0
13709,In_Silico,0,0,1,0,0,0,0,0
13710,In_Silico,0,0,1,0,0,0,0,0
13711,In_Silico,0,0,0,0,0,0,0,1
13713,In_Silico,0,1,0,0,0,0,0,0
13714,In_Silico,0,1,0,0,0,0,0,0
13715,In_Silico,0,1,0,0,0,0,0,0
13716,In_Silico,1,0,0,0,0,0,0,0
13717,In_Silico,0,0,0,0,0,0,0,1
13718,In_Silico,0,0,0,0,0,0,0,1
13719,In_Silico,1,0,0,0,0,0,0,0
13721,In_Silico,0,0,0,0,1,0,0,0
13723,In_Silico,0,0,0,0,0,0,0,1
13724,In_Silico,0,0,0,0,0,0,0,1
13725,In_Silico,0,1,0,0,0,0,0,0
13726,In_Silico,0,1,0,0,0,0,0,0
13727,In_Silico,0,1,0,0,0,0,0,0
13728,In_Silico,0,1,0,0,0,0,0,0
13730,In_Silico,0,0,0,0,1,0,0,0
13731,In_Silico,0,0,0,0,1,0,0,0
13732,In_Silico,0,0,0,0,1,0,0,0
13733,In_Silico,0,0,0,0,0,1,0,0
13734,In_Silico,0,0,0,0,0,0,0,1
13735,In_Silico,0,0,0,0,0,0,0,1
13737,In_Silico,0,0,0,0,0,0,0,1
13738,In_Silico,0,0,0,0,0,0,0,1
13739,In_Silico,0,0,0,0,0,0,0,1
13740,In_Silico,0,0,0,0,0,0,0,1
13741,In_Silico,0,0,0,0,0,0,0,1
13742,In_Silico,0,0,0,0,0,0,0,1
13746,In_Silico,0,0,0,0,1,0,0,0
13749,In_Silico,0,0,0,0,1,0,0,0
13752,In_Silico,0,0,0,0,1,0,0,0
13753,In_Silico,0,0,0,0,1,0,0,0
13754,In_Silico,0,0,0,1,0,0,0,0
13756,In_Silico,1,0,0,0,0,0,0,0
13757,In_Silico,1,0,0,0,0,0,0,0
13759,In_Silico,0,0,0,0,1,0,0,0
13760,In_Silico,0,1,0,0,0,0,0,0
13761,In_Silico,0,0,0,0,0,0,0,1
13762,In_Silico,0,1,0,0,0,0,0,0
13763,In_Silico,0,0,0,0,0,0,0,1
13764,In_Silico,0,0,0,0,0,0,0,1
13765,In_Silico,0,0,0,0,0,0,0,1
13767,In_Silico,0,0,0,0,0,0,0,1
13769,In_Silico,1,0,0,0,0,0,0,0
13770,In_Silico,0,0,0,1,0,0,0,0
13771,In_Silico,0,0,0,0,0,0,0,1
13772,In_Silico,0,0,0,0,1,0,0,0
13773,In_Silico,0,0,0,0,1,0,0,0
13774,In_Silico,0,0,0,1,0,0,0,0
13775,In_Silico,0,0,0,1,0,0,0,0
13776,In_Silico,0,0,0,1,0,0,0,0
13777,In_Silico,0,0,0,1,0,0,0,0
13778,In_Silico,0,0,0,1,0,0,0,0
13779,In_Silico,0,0,0,0,1,0,0,0
13780,In_Silico,0,0,0,0,1,0,0,0
13781,In_Silico,0,0,0,0,1,0,0,0
13783,In_Silico,0,0,0,1,0,0,0,0
13784,In_Silico,0,0,0,0,0,0,0,1
13785,In_Silico,0,0,0,0,0,0,0,1
13787,In_Silico,0,0,0,0,0,1,0,0
13790,In_Silico,0,0,0,0,0,0,0,1
13791,In_Silico,0,0,0,0,0,0,0,1
13792,In_Silico,0,0,0,0,1,0,0,0
13795,In_Silico,0,0,0,1,0,0,0,0
13802,In_Silico,0,1,0,0,0,0,0,0
13803,In_Silico,0,1,0,0,0,0,0,0
13807,In_Silico,0,0,0,0,0,0,0,1
13809,In_Silico,0,0,0,0,0,0,0,1
13810,In_Silico,0,0,0,0,0,0,0,1
13811,In_Silico,0,0,0,0,0,0,0,1
13812,In_Silico,0,0,0,1,0,0,0,0
13813,In_Silico,0,0,0,0,0,0,0,1
13814,In_Silico,0,0,0,0,0,0,0,1
13815,In_Silico,0,0,0,0,0,0,0,1
13816,In_Silico,0,0,0,0,0,0,0,1
13819,In_Silico,0,0,0,0,0,0,0,1
13820,In_Silico,0,0,0,0,0,1,0,0
13821,In_Silico,0,0,0,0,0,1,0,0
13822,In_Silico,0,0,0,0,0,0,0,1
13823,In_Silico,0,0,0,0,0,1,0,0
13824,In_Silico,0,0,0,0,0,1,0,0
13825,In_Silico,0,0,0,0,0,1,0,0
13826,In_Silico,0,0,0,0,0,1,0,0
13828,In_Silico,0,0,0,0,0,0,0,1
13829,In_Silico,0,0,0,0,0,0,0,1
13830,In_Silico,0,0,0,0,0,0,0,1
13832,In_Silico,0,0,0,0,1,0,0,0
13833,In_Silico,0,0,0,0,0,0,0,1
13834,In_Silico,0,0,0,0,0,0,0,1
13835,In_Silico,0,0,0,0,0,0,0,1
13836,In_Silico,1,0,0,0,0,0,0,0
13838,In_Silico,1,0,0,0,0,0,0,0
13839,In_Silico,0,0,0,0,0,0,0,1
13840,In_Silico,1,0,0,0,0,0,0,0
13845,In_Silico,0,0,0,0,0,0,0,1
13846,In_Silico,0,0,0,0,0,0,0,1
13848,In_Silico,0,0,0,0,1,0,0,0
13849,In_Silico,0,0,0,0,1,0,0,0
13853,In_Silico,0,0,0,0,1,0,0,0
13855,In_Silico,0,0,0,0,1,0,0,0
13857,In_Silico,0,0,0,0,0,0,0,1
13858,In_Silico,0,0,0,0,0,0,0,1
13859,In_Silico,0,0,0,0,0,0,0,1
13860,In_Silico,0,0,0,0,0,0,0,1
13861,In_Silico,0,0,0,1,0,0,0,0
13862,In_Silico,0,0,0,0,0,0,0,1
13863,In_Silico,0,0,0,0,1,0,0,0
13864,In_Silico,0,0,0,0,0,0,0,1
13865,In_Silico,0,0,0,0,0,0,0,1
13866,In_Silico,0,0,0,0,0,0,0,1
13867,In_Silico,0,0,0,0,0,0,0,1
13868,In_Silico,0,0,0,0,0,0,0,1
13870,In_Silico,0,0,0,1,0,0,0,0
13872,In_Silico,0,0,0,0,0,0,0,1
13874,In_Silico,0,0,0,0,1,0,0,0
13875,In_Silico,0,0,0,0,1,0,0,0
13876,In_Silico,0,0,0,0,1,0,0,0
13877,In_Silico,0,0,0,0,1,0,0,0
13878,In_Silico,0,0,0,0,1,0,0,0
13881,In_Silico,0,0,0,0,1,0,0,0
13882,In_Silico,0,0,0,0,1,0,0,0
13883,In_Silico,0,0,0,0,1,0,0,0
13886,In_Silico,0,0,0,0,0,0,0,1
13887,In_Silico,0,0,0,0,0,0,0,1
13888,In_Silico,0,0,0,0,0,0,0,1
13889,In_Silico,0,0,0,0,0,1,0,0
13890,In_Silico,1,0,0,0,0,0,0,0
13891,In_Silico,0,1,0,0,0,0,0,0
13892,In_Silico,0,0,0,0,0,0,0,1
13893,In_Silico,0,0,0,0,0,0,0,1
13894,In_Silico,1,0,0,0,0,0,0,0
13895,In_Silico,1,0,0,0,0,0,0,0
13896,In_Silico,0,0,0,0,0,0,0,1
13897,In_Silico,0,0,0,0,0,0,0,1
13898,In_Silico,0,0,0,0,1,0,0,0
13899,In_Silico,0,0,0,0,0,0,0,1
13900,In_Silico,0,0,0,0,0,0,0,1
13901,In_Silico,1,0,0,0,0,0,0,0
13902,In_Silico,1,0,0,0,0,0,0,0
13903,In_Silico,0,0,0,0,0,0,0,1
13904,In_Silico,1,0,0,0,0,0,0,0
13905,In_Silico,0,0,0,0,1,0,0,0
13906,In_Silico,0,0,0,0,1,0,0,0
13907,In_Silico,1,0,0,0,0,0,0,0
13908,In_Silico,1,0,0,0,0,0,0,0
13909,In_Silico,1,0,0,0,0,0,0,0
13910,In_Silico,1,0,0,0,0,0,0,0
13911,In_Silico,0,1,0,0,0,0,0,0
13912,In_Silico,0,0,0,0,0,0,0,1
13913,In_Silico,0,0,0,0,0,0,0,1
13914,In_Silico,0,0,0,0,0,0,0,1
13915,In_Silico,0,0,0,0,0,0,0,1
13916,In_Silico,0,0,0,0,0,0,0,1
13917,In_Silico,0,0,0,0,0,0,0,1
13918,In_Silico,0,0,0,0,0,0,0,1
13919,In_Silico,0,0,0,0,1,0,0,0
13920,In_Silico,0,0,0,0,1,0,0,0
13921,In_Silico,0,0,0,0,1,0,0,0
13922,In_Silico,0,0,0,0,1,0,0,0
13923,In_Silico,0,0,0,0,0,0,0,1
13925,In_Silico,0,0,0,0,1,0,0,0
13926,In_Silico,0,0,0,0,1,0,0,0
13927,In_Silico,0,0,0,0,1,0,0,0
13928,In_Silico,0,0,0,0,1,0,0,0
13929,In_Silico,0,0,0,0,1,0,0,0
13931,In_Silico,0,0,0,0,0,0,0,1
13932,In_Silico,0,0,0,0,0,1,0,0
13934,In_Silico,0,0,0,1,0,0,0,0
13937,In_Silico,0,0,0,0,0,0,0,1
13940,In_Silico,0,0,0,0,1,0,0,0
13941,In_Silico,0,0,0,0,0,0,0,1
13942,In_Silico,0,0,0,0,0,0,0,1
13943,In_Silico,0,0,0,0,0,1,0,0
13944,In_Silico,0,0,0,0,0,1,0,0
13945,In_Silico,0,1,0,0,0,0,0,0
13946,In_Silico,0,0,0,0,0,0,0,1
13947,In_Silico,0,0,0,0,0,0,0,1
13948,In_Silico,0,0,0,0,0,0,0,1
13949,In_Silico,0,0,0,0,0,0,0,1
13950,In_Silico,0,0,0,0,0,0,0,1
13951,In_Silico,0,0,0,0,0,0,0,1
13952,In_Silico,0,0,0,0,1,0,0,0
13953,In_Silico,0,0,0,0,1,0,0,0
13954,In_Silico,0,0,0,0,1,0,0,0
13955,In_Silico,0,0,0,0,0,0,0,1
13956,In_Silico,0,0,0,0,1,0,0,0
13958,In_Silico,0,0,0,0,0,0,0,1
13960,In_Silico,0,0,0,0,1,0,0,0
13961,In_Silico,0,0,0,0,1,0,0,0
13962,In_Silico,0,0,0,0,0,0,0,1
13963,In_Silico,0,0,0,1,0,0,0,0
13964,In_Silico,0,0,0,0,1,0,0,0
13965,In_Silico,0,0,0,0,0,0,0,1
13966,In_Silico,0,0,0,0,1,0,0,0
13967,In_Silico,0,0,0,0,0,0,0,1
13971,In_Silico,0,0,0,0,1,0,0,0
13973,In_Silico,0,0,0,0,0,0,0,1
13978,In_Silico,0,0,0,0,0,0,0,1
13979,In_Silico,0,0,0,0,0,0,0,1
13981,In_Silico,0,0,0,0,0,0,0,1
13984,In_Silico,0,0,0,0,0,0,0,1
13986,In_Silico,1,0,0,0,0,0,0,0
13987,In_Silico,1,0,0,0,0,0,0,0
13990,In_Silico,0,0,0,0,0,0,0,1
13993,In_Silico,1,0,0,0,0,0,0,0
13996,In_Silico,0,0,0,0,0,0,0,1
13997,In_Silico,1,0,0,0,0,0,0,0
13998,In_Silico,1,0,0,0,0,0,0,0
14002,In_Silico,0,1,0,0,0,0,0,0
14003,In_Silico,0,0,0,0,0,0,1,0
14004,In_Silico,1,0,0,0,0,0,0,0
14006,In_Silico,0,1,0,0,0,0,0,0
14009,In_Silico,0,0,0,0,0,0,0,1
14011,In_Silico,1,0,0,0,0,0,0,0
14013,In_Silico,1,0,0,0,0,0,0,0
14014,In_Silico,0,0,0,0,0,0,0,1
14015,In_Silico,1,0,0,0,0,0,0,0
14020,In_Silico,0,0,0,0,0,0,0,1
14024,In_Silico,0,1,0,0,0,0,0,0
14025,In_Silico,0,0,0,0,0,0,0,1
14027,In_Silico,0,0,0,0,0,0,0,1
14029,In_Silico,0,0,0,0,0,0,0,1
14030,In_Silico,0,0,0,0,0,0,0,1
14034,In_Silico,0,0,0,0,0,0,0,1
14036,In_Silico,0,0,0,0,0,0,0,1
14040,In_Silico,0,0,0,0,0,0,0,1
14042,In_Silico,1,0,0,0,0,0,0,0