"","species_code","percent_extracted","Extraction_Number","sample_name"
"1","IngA",22.9,1885,"IngA_acuminata"
"2","IngA",20.7,1708,"IngA_acuminata"
"3","IngA",29.9,1884,"IngA_acuminata"
"4","IngA",27.9,1620,"IngA_acuminata"
"5","IngA",27.5,1619,"IngA_acuminata"
"6","IngA",22.9,1677,"IngA_acuminata"
"7","IngA",27,1682,"IngA_acuminata"
"8","IngC",22.3,1625,"IngC_cocleensis"
"9","IngC",25.1,1678,"IngC_cocleensis"
"10","IngC",32.5,1626,"IngC_cocleensis"
"11","IngC",23.8,1681,"IngC_cocleensis"
"12","IngC",30.2,1679,"IngC_cocleensis"
"13","IngF",42.3,1887,"IngF_laurina"
"14","IngF",32.3,1683,"IngF_laurina"
"15","IngF",42.6,1594,"IngF_laurina"
"16","IngF",29.1,2223,"IngF_laurina"
"17","IngF",34.1,1593,"IngF_laurina"
"18","IngF",42.9,1886,"IngF_laurina"
"19","IngF",30.9,1595,"IngF_laurina"
"20","IngF",40.7,1598,"IngF_laurina"
"21","IngG",47.9,1707,"IngG_goldmanii"
"22","IngG",45.5,1623,"IngG_goldmanii"
"23","IngG",40.1,1680,"IngG_goldmanii"
"24","IngG",45.8,1592,"IngG_goldmanii"
"25","IngG",46,1624,"IngG_goldmanii"
"26","IngM",27.6,1562,"IngM_marginata"
"27","IngM",29.2,1616,"IngM_marginata"
"28","IngM",35.8,1606,"IngM_marginata"
"29","IngM",32.8,1563,"IngM_marginata"
"30","IngM",35.2,1609,"IngM_marginata"
"31","IngM",NA,807,"IngM_marginata"
"32","IngMu",37.3,1586,"IngMu_thibaudiana"
"33","IngMu",37.3,1607,"IngMu_thibaudiana"
"34","IngMu",32.9,1561,"IngMu_thibaudiana"
"35","IngMu",36.3,1608,"IngMu_thibaudiana"
"36","IngMu",40.9,1605,"IngMu_thibaudiana"
"37","IngO",32.4,1589,"IngO_oerstediana"
"38","IngO",38.8,1584,"IngO_oerstediana"
"39","IngO",25.6,2212,"IngO_oerstediana"
"40","IngO",34.7,1587,"IngO_oerstediana"
"41","IngO",31.3,1568,"IngO_oerstediana"
"42","IngP",23.4,879,"IngP_pezizifera.aff"
"43","IngP",NA,812,"IngP_pezizifera.aff"
"44","IngP",39.1,1610,"IngP_pezizifera.aff"
"45","IngP",47.5,1603,"IngP_pezizifera.aff"
"46","IngP",34.8,1570,"IngP_pezizifera.aff"
"47","IngP",38,1604,"IngP_pezizifera.aff"
"48","IngP",37.7,1569,"IngP_pezizifera.aff"
"49","IngPu",27.4,1583,"IngPu_punctata"
"50","IngPu",34.6,1585,"IngPu_punctata"
"51","IngPu",27.7,1582,"IngPu_punctata"
"52","IngQ",42,1566,"IngQ_nobilis"
"53","IngQ",NA,809,"IngQ_nobilis"
"54","IngQ",35.3,1565,"IngQ_nobilis"
"55","IngQ",37.7,1567,"IngQ_nobilis"
"56","IngQ",36.9,1615,"IngQ_nobilis"
"57","IngQ",32,1571,"IngQ_nobilis"
"58","IngR",49.4,1618,"IngR_ruiziana"
"59","IngR",37,1711,"IngR_ruiziana"
"60","IngR",42.4,1617,"IngR_ruiziana"
"61","IngR",38.2,1710,"IngR_ruiziana"
"62","IngR",NA,808,"IngR_ruiziana"
"63","IngR",36.5,1709,"IngR_ruiziana"
"64","IngS",39.3,1694,"IngS_sapindoides"
"65","IngS",48.9,1596,"IngS_sapindoides"
"66","IngS",43,1676,"IngS_sapindoides"
"67","IngS",37.6,2162,"IngS_sapindoides"
"68","IngS",39.4,1597,"IngS_sapindoides"
"69","IngS",17.3,1938,"IngS_sapindoides"
"70","IngSp",20.6,1937,"IngSp_spectabilis"
"71","IngSp",37.1,1935,"IngSp_spectabilis"
"72","IngU",NA,811,"IngU_umbellifera"
"73","IngU",43.8,1406,"IngU_umbellifera"
"74","IngU",46,1402,"IngU_umbellifera"
"75","IngU",16.7,1940,"IngU_umbellifera"
"76","IngU",44.9,1404,"IngU_umbellifera"
"77","IngU",20.1,1943,"IngU_umbellifera"
"78","IngU",16.4,1942,"IngU_umbellifera"
"79","IngU",32.5,1932,"IngU_umbellifera"
"80","IngU",53.2,1933,"IngU_umbellifera"
"81","IngU",45.2,1405,"IngU_umbellifera"
"82","IngU",47.8,1407,"IngU_umbellifera"
"83","IngU",16.2,1941,"IngU_umbellifera"
"84","IngU",43.6,1934,"IngU_umbellifera"
"85","IngU",41.8,1928,"IngU_umbellifera"
"86","IngU",20.5,1931,"IngU_umbellifera"
"87","IngU",50,1930,"IngU_umbellifera"
"88","IngU",45.2,1401,"IngU_umbellifera"
"89","IngV",35.4,1622,"IngV_vera"
"90","IngV",NA,810,"IngV_vera"
"91","IngV",34.8,1705,"IngV_vera"
"92","IngV",31.3,1581,"IngV_vera"
"93","IngV",37.3,1706,"IngV_vera"
"94","IngV",31.5,1929,"IngV_vera"
"95","IngV",15.8,1939,"IngV_vera"
"96","IngV",32.1,1621,"IngV_vera"
"97","LA1",41.7,690,"LA1_edulis"
"98","LA1",36.9,689,"LA1_edulis"
"99","LA1",44.1,708,"LA1_edulis"
"100","LA1",39.2,1059,"LA1_edulis"
"101","LA1",32.5,1060,"LA1_edulis"
"102","LA10",48,641,"LA10_umbellifera"
"103","LA10",45.8,1399,"LA10_umbellifera"
"104","LA10",48.7,1408,"LA10_umbellifera"
"105","LA10",45.2,642,"LA10_umbellifera"
"106","LA10",43.2,1400,"LA10_umbellifera"
"107","LA10",46.5,643,"LA10_umbellifera"
"108","LA12",57.9,1055,"LA12_capitata12"
"109","LA12",36.3,631,"LA12_capitata12"
"110","LA12",43.1,634,"LA12_capitata12"
"111","LA12",50.5,632,"LA12_capitata12"
"112","LA12",59.4,1056,"LA12_capitata12"
"113","LA13",33.4,2168,"LA13_cylindrica"
"114","LA13",44,1394,"LA13_cylindrica"
"115","LA13",37,1397,"LA13_cylindrica"
"116","LA13",40.6,693,"LA13_cylindrica"
"117","LA13",33.4,694,"LA13_cylindrica"
"118","LA13",37.2,711,"LA13_cylindrica"
"119","LA13",34.7,1396,"LA13_cylindrica"
"120","LA17",39.6,712,"LA17_LA17"
"121","LA17",62.7,1393,"LA17_LA17"
"122","LA17",54.8,705,"LA17_LA17"
"123","LA17",56.7,713,"LA17_LA17"
"124","LA17",42.2,1380,"LA17_LA17"
"125","LA17",56,1382,"LA17_LA17"
"126","LA18",47.5,672,"LA18_pitmanii"
"127","LA18",39.4,1538,"LA18_pitmanii"
"128","LA18",49.3,671,"LA18_pitmanii"
"129","LA18",NA,1635,"LA18_pitmanii"
"130","LA18",34.5,1527,"LA18_pitmanii"
"131","LA18",33.6,673,"LA18_pitmanii"
"132","LA19",30.4,1890,"LA19_pitmanii"
"133","LA19",45,680,"LA19_pitmanii"
"134","LA19",43.4,681,"LA19_pitmanii"
"135","LA19",31,1896,"LA19_pitmanii"
"136","LA19",45.4,682,"LA19_pitmanii"
"137","LA19",38.3,1523,"LA19_pitmanii"
"138","LA19",30.2,1881,"LA19_pitmanii"
"139","LA19",33,1880,"LA19_pitmanii"
"140","LA19",40.4,1415,"LA19_pitmanii"
"141","LA19",16,1889,"LA19_pitmanii"
"142","LA2",32.5,2139,"LA2_heterophylla"
"143","LA2",35,627,"LA2_heterophylla"
"144","LA2",25.3,1441,"LA2_heterophylla"
"145","LA2",38.9,1442,"LA2_heterophylla"
"146","LA2",35.6,628,"LA2_heterophylla"
"147","LA2",45.6,633,"LA2_heterophylla"
"148","LA20a",37.7,1738,"LA20a_nobilis"
"149","LA20a",23.5,714,"LA20a_nobilis"
"150","LA20a",33.1,1510,"LA20a_nobilis"
"151","LA20a",45.3,1731,"LA20a_nobilis"
"152","LA20a",32.1,1729,"LA20a_nobilis"
"153","LA20a",22.6,1733,"LA20a_nobilis"
"154","LA20a",23.3,1555,"LA20a_nobilis"
"155","LA20b",17,1730,"LA20b_nobilis"
"156","LA20b",21.2,702,"LA20b_nobilis"
"157","LA20b",22.8,1745,"LA20b_nobilis"
"158","LA20b",36.4,1728,"LA20b_nobilis"
"159","LA20b",21.7,1732,"LA20b_nobilis"
"160","LA20b",20.3,1748,"LA20b_nobilis"
"161","LA20b",31.1,701,"LA20b_nobilis"
"162","LA22",28.1,1412,"LA22_bourgonii"
"163","LA22",22.8,1531,"LA22_bourgonii"
"164","LA22",30.4,658,"LA22_bourgonii"
"165","LA22",38.9,657,"LA22_bourgonii"
"166","LA22",31.5,656,"LA22_bourgonii"
"167","LA23",22.1,715,"LA23_alata"
"168","LA23",45.7,700,"LA23_alata"
"169","LA23",25.6,1469,"LA23_alata"
"170","LA23",34.2,1479,"LA23_alata"
"171","LA23",37.6,1475,"LA23_alata"
"172","LA23",29.8,1476,"LA23_alata"
"173","LA23",31.3,1470,"LA23_alata"
"174","LA23",46.6,699,"LA23_alata"
"175","LA25",47.8,1413,"LA25_acreana"
"176","LA25",53.1,1395,"LA25_acreana"
"177","LA25",43,675,"LA25_acreana"
"178","LA25",39.6,676,"LA25_acreana"
"179","LA25",50.2,674,"LA25_acreana"
"180","LA26",23,1529,"LA26_setosa"
"181","LA26",21.9,1549,"LA26_setosa"
"182","LA26",21.5,1512,"LA26_setosa"
"183","LA26",29,1528,"LA26_setosa"
"184","LA26",30.5,1642,"LA26_setosa"
"185","LA26",29,1641,"LA26_setosa"
"186","LA26",27.5,1513,"LA26_setosa"
"187","LA28",49.9,648,"LA28_venusta"
"188","LA28",41.9,1673,"LA28_venusta"
"189","LA28",42.9,649,"LA28_venusta"
"190","LA28",43.6,1526,"LA28_venusta"
"191","LA28",50.1,647,"LA28_venusta"
"192","LA3",35.9,1590,"LA3_alba"
"193","LA3",31.3,2759,"LA3_alba"
"194","LA3",24.9,625,"LA3_alba"
"195","LA3",28.1,1591,"LA3_alba"
"196","LA3",32.1,624,"LA3_alba"
"197","LA3",29.6,626,"LA3_alba"
"198","LA31",23.9,1893,"LA31_spectabilis"
"199","LA31",37.9,716,"LA31_spectabilis"
"200","LA31",40.4,1672,"LA31_spectabilis"
"201","LA31",28.1,717,"LA31_spectabilis"
"202","LA31",43.7,1643,"LA31_spectabilis"
"203","LA31",23.3,703,"LA31_spectabilis"
"204","LA32",31,660,"LA32_brachystachys.aff"
"205","LA32",41.3,1535,"LA32_brachystachys.aff"
"206","LA32",27.6,661,"LA32_brachystachys.aff"
"207","LA32",37.6,659,"LA32_brachystachys.aff"
"208","LA32",29.1,1548,"LA32_brachystachys.aff"
"209","LA33",34.6,1391,"LA33_capitata33"
"210","LA33",46.2,1900,"LA33_capitata33"
"211","LA33",57.1,652,"LA33_capitata33"
"212","LA33",51.5,651,"LA33_capitata33"
"213","LA33",35.4,1891,"LA33_capitata33"
"214","LA33",57.5,650,"LA33_capitata33"
"215","LA33",61.3,1878,"LA33_capitata33"
"216","LA34",11.9,719,"LA34_tenuistipula"
"217","LA34",36,2142,"LA34_tenuistipula"
"218","LA34",43.6,1644,"LA34_tenuistipula"
"219","LA34",43.8,718,"LA34_tenuistipula"
"220","LA34",45.7,725,"LA34_tenuistipula"
"221","LA34",44.9,1533,"LA34_tenuistipula"
"222","LA35",42.8,1368,"LA35_capitata35"
"223","LA35",50.7,636,"LA35_capitata35"
"224","LA35",62.9,1390,"LA35_capitata35"
"225","LA35",60.7,1389,"LA35_capitata35"
"226","LA35",34.2,2174,"LA35_capitata35"
"227","LA35",61.2,1364,"LA35_capitata35"
"228","LA35",60.6,635,"LA35_capitata35"
"229","LA35",67.2,1363,"LA35_capitata35"
"230","LA36",40.1,640,"LA36_lateriflora"
"231","LA36",27.9,638,"LA36_lateriflora"
"232","LA36",35.9,639,"LA36_lateriflora"
"233","LA36",35.4,1556,"LA36_lateriflora"
"234","LA37",23.6,1489,"LA37_no phylogney"
"235","LA37",30.8,666,"LA37_no phylogney"
"236","LA37",29.5,665,"LA37_no phylogney"
"237","LA37",34.8,667,"LA37_no phylogney"
"238","LA37",29.7,1414,"LA37_no phylogney"
"239","LA4",35.6,1440,"LA4_thibaudiana"
"240","LA4",21.1,630,"LA4_thibaudiana"
"241","LA4",30.1,1062,"LA4_thibaudiana"
"242","LA4",33.3,688,"LA4_thibaudiana"
"243","LA4",20.1,629,"LA4_thibaudiana"
"244","LA41",46.7,654,"LA41_LA41"
"245","LA41",39.3,653,"LA41_LA41"
"246","LA41",39.2,1411,"LA41_LA41"
"247","LA41",49.8,1547,"LA41_LA41"
"248","LA41",39.8,655,"LA41_LA41"
"249","LA42",36.2,2165,"LA42_fosteriana"
"250","LA42",39.1,726,"LA42_fosteriana"
"251","LA42",33,697,"LA42_fosteriana"
"252","LA42",40.6,698,"LA42_fosteriana"
"253","LA42",40.3,1534,"LA42_fosteriana"
"254","LA42",38.6,1537,"LA42_fosteriana"
"255","LA43",37.3,1053,"LA43_marginata"
"256","LA43",26.6,1468,"LA43_marginata"
"257","LA43",31.2,670,"LA43_marginata"
"258","LA43",14.3,1477,"LA43_marginata"
"259","LA43",33.6,668,"LA43_marginata"
"260","LA43",38.8,1054,"LA43_marginata"
"261","LA43",36.1,669,"LA43_marginata"
"262","LA43",23.7,1467,"LA43_marginata"
"263","LA43",31.2,1456,"LA43_marginata"
"264","LA44",36.8,1675,"LA44_suaveolens"
"265","LA44",35.1,727,"LA44_suaveolens"
"266","LA44",39.7,2153,"LA44_suaveolens"
"267","LA44",46.9,704,"LA44_suaveolens"
"268","LA44",36.4,728,"LA44_suaveolens"
"269","LA44",35,1564,"LA44_suaveolens"
"270","LA45",37.9,662,"LA45_sapindoides"
"271","LA45",NA,1674,"LA45_sapindoides"
"272","LA45",47,1671,"LA45_sapindoides"
"273","LA45",39.3,663,"LA45_sapindoides"
"274","LA45",28.4,664,"LA45_sapindoides"
"275","LA46",23.1,2143,"LA46_tomentosa"
"276","LA46",36.3,730,"LA46_tomentosa"
"277","LA46",41.3,1637,"LA46_tomentosa"
"278","LA46",29.7,2178,"LA46_tomentosa"
"279","LA46",36.4,1636,"LA46_tomentosa"
"280","LA46",34.8,706,"LA46_tomentosa"
"281","LA46",49.3,729,"LA46_tomentosa"
"282","LA47",50.1,678,"LA47_no phylogney"
"283","LA47",28.5,677,"LA47_no phylogney"
"284","LA47",52.1,679,"LA47_no phylogney"
"285","LA48",20.8,686,"LA48_LA48"
"286","LA48",21.2,1532,"LA48_LA48"
"287","LA48",33.7,687,"LA48_LA48"
"288","LA48",21.3,731,"LA48_LA48"
"289","LA48",28.9,1524,"LA48_LA48"
"290","LA49",22.6,623,"LA49_ruiziana"
"291","LA49",32,1525,"LA49_ruiziana"
"292","LA49",33.7,622,"LA49_ruiziana"
"293","LA49",25,621,"LA49_ruiziana"
"294","LA49",32.5,1514,"LA49_ruiziana"
"295","LA52",43.2,683,"LA52_chartacea"
"296","LA52",31,2175,"LA52_chartacea"
"297","LA52",33,685,"LA52_chartacea"
"298","LA52",42.1,684,"LA52_chartacea"
"299","LA55",36.5,1459,"LA55_edulis"
"300","LA55",34,1550,"LA55_edulis"
"301","LA55",31.3,1460,"LA55_edulis"
"302","LA55",32.1,1638,"LA55_edulis"
"303","LA55",31.7,1536,"LA55_edulis"
"304","LA59",34.7,617,"LA59_coruscans"
"305","LA59",32.4,1511,"LA59_coruscans"
"306","LA59",37.4,1601,"LA59_coruscans"
"307","LA59",41.3,615,"LA59_coruscans"
"308","LA59",34.1,1577,"LA59_coruscans"
"309","LA59",38,1588,"LA59_coruscans"
"310","LA6",46.9,1398,"LA6_punctata"
"311","LA6",34.2,1381,"LA6_punctata"
"312","LA6",14,1530,"LA6_punctata"
"313","LA6",36.7,1392,"LA6_punctata"
"314","LA6",30.9,1387,"LA6_punctata"
"315","LA60",44.3,1554,"LA60_laurina"
"316","LA60",38.1,620,"LA60_laurina"
"317","LA60",39.2,1578,"LA60_laurina"
"318","LA60",36.9,619,"LA60_laurina"
"319","LA60",54.3,616,"LA60_laurina"
"320","LA60",39.4,1639,"LA60_laurina"
"321","LA60",24.9,1613,"LA60_laurina"
"322","LA61",14.5,1482,"LA61_ingoides"
"323","LA61",32.4,1614,"LA61_ingoides"
"324","LA61",12.6,1481,"LA61_ingoides"
"325","LA62",22.8,2166,"LA62_no phylogney"
"326","LA62",25,2170,"LA62_no phylogney"
"327","LA7",32.2,691,"LA7_leiocalycina"
"328","LA7",56.8,1061,"LA7_leiocalycina"
"329","LA7",33.4,1490,"LA7_leiocalycina"
"330","LA7",46.7,692,"LA7_leiocalycina"
"331","LA7",37.6,709,"LA7_leiocalycina"
"332","LA8",48.7,644,"LA8_auristellae"
"333","LA8",49.2,645,"LA8_auristellae"
"334","LA8",43.1,646,"LA8_auristellae"
"335","LA8",48.8,1063,"LA8_auristellae"
"336","LA8",48,1443,"LA8_auristellae"
"337","LA8",46.9,1739,"LA8_auristellae"
"338","LA9",36.8,1057,"LA9_poeppigiana"
"339","LA9",17.9,696,"LA9_poeppigiana"
"340","LA9",31.7,1058,"LA9_poeppigiana"
"341","LA9",34.1,695,"LA9_poeppigiana"
"342","LA9",55.4,637,"LA9_poeppigiana"
"343","LA9",31.5,710,"LA9_poeppigiana"
"344","M14",45.5,746,"M14_leiocalycina"
"345","M14",43.2,744,"M14_leiocalycina"
"346","M14",44.5,1741,"M14_leiocalycina"
"347","M14",40.1,1486,"M14_leiocalycina"
"348","M14",48.6,745,"M14_leiocalycina"
"349","M14",50.2,1560,"M14_leiocalycina"
"350","M15",33,747,"M15_grandiflora"
"351","M15",33.9,1685,"M15_grandiflora"
"352","M15",21,749,"M15_grandiflora"
"353","M15",40.4,1688,"M15_grandiflora"
"354","M15",22.1,748,"M15_grandiflora"
"355","M16",42.3,1629,"M16_rubiginosa"
"356","M16",29.6,756,"M16_rubiginosa"
"357","M16",NA,720,"M16_rubiginosa"
"358","M16",35.2,1628,"M16_rubiginosa"
"359","M16",37.6,611,"M16_rubiginosa"
"360","M16",NA,821,"M16_rubiginosa"
"361","M16",33.9,2149,"M16_rubiginosa"
"362","M18",35,2161,"M18_M18"
"363","M18",28.7,2159,"M18_M18"
"364","M18",44.7,2213,"M18_M18"
"365","M18",25,612,"M18_M18"
"366","M18",NA,822,"M18_M18"
"367","M18",41.4,1627,"M18_M18"
"368","M18",31.6,757,"M18_M18"
"369","M18",NA,823,"M18_M18"
"370","M18",NA,721,"M18_M18"
"371","M24",10.7,1830,"M24_cayennensis"
"372","M24",27.5,751,"M24_cayennensis"
"373","M24",22.8,752,"M24_cayennensis"
"374","M24",30.3,2176,"M24_cayennensis"
"375","M24",11.7,1846,"M24_cayennensis"
"376","M24",26,750,"M24_cayennensis"
"377","M25",39.1,755,"M25_M25"
"378","M25",44.1,1831,"M25_M25"
"379","M25",49.4,753,"M25_M25"
"380","M25",49.4,754,"M25_M25"
"381","M25",21.4,1824,"M25_M25"
"382","M26",52.9,758,"M26_glomeriflora"
"383","M26",NA,722,"M26_glomeriflora"
"384","M26",40.4,613,"M26_glomeriflora"
"385","M26",29.2,1834,"M26_glomeriflora"
"386","M26",51.8,1630,"M26_glomeriflora"
"387","M27b",18.5,768,"M27b_M27b"
"388","M27b",11.9,1876,"M27b_M27b"
"389","M27b",16.4,1849,"M27b_M27b"
"390","M27b",NA,707,"M27b_M27b"
"391","M27b",20.3,767,"M27b_M27b"
"392","M27b",15.7,1903,"M27b_M27b"
"393","M28",28.3,1832,"M28_paraensis"
"394","M28",NA,723,"M28_paraensis"
"395","M28",43.7,759,"M28_paraensis"
"396","M28",41.9,1842,"M28_paraensis"
"397","M29",NA,724,"M29_alba"
"398","M29",30.6,610,"M29_alba"
"399","M29",30.2,760,"M29_alba"
"400","M29",35.7,1388,"M29_alba"
"401","M29",33.1,1342,"M29_alba"
"402","M29",34.3,1356,"M29_alba"
"403","M29",35.5,1602,"M29_alba"
"404","M29",36.9,1355,"M29_alba"
"405","M31",64.2,770,"M31_venusta"
"406","M31",38.3,771,"M31_venusta"
"407","M31",33.7,1828,"M31_venusta"
"408","M31",39.7,787,"M31_venusta"
"409","M31",29.8,1833,"M31_venusta"
"410","M32",33.3,788,"M32_thibaudiana"
"411","M32",28.3,1488,"M32_thibaudiana"
"412","M32",27.4,774,"M32_thibaudiana"
"413","M32",36.9,773,"M32_thibaudiana"
"414","M32",31.3,1508,"M32_thibaudiana"
"415","M32",19.5,1509,"M32_thibaudiana"
"416","M32",21.2,1485,"M32_thibaudiana"
"417","M36",43.6,762,"M36_auristellae"
"418","M36",39.5,1572,"M36_auristellae"
"419","M36",46.3,763,"M36_auristellae"
"420","M36",43.3,761,"M36_auristellae"
"421","M36",46.5,1559,"M36_auristellae"
"422","M36",44.6,2180,"M36_auristellae"
"423","M39b",20.5,1800,"M39b_gracilifolia"
"424","M39b",30.8,776,"M39b_gracilifolia"
"425","M39b",32.5,775,"M39b_gracilifolia"
"426","M4",43.4,732,"M4_obidensis"
"427","M4",39.9,734,"M4_obidensis"
"428","M4",45.3,733,"M4_obidensis"
"429","M4",43.6,1689,"M4_obidensis"
"430","M4",25.9,1686,"M4_obidensis"
"431","M40a",36.8,1898,"M40a_pezizifera"
"432","M40a",34.5,2148,"M40a_pezizifera"
"433","M40a",31,1817,"M40a_pezizifera"
"434","M40a",36.2,764,"M40a_pezizifera"
"435","M40a",34.5,1892,"M40a_pezizifera"
"436","M40b",31.8,2150,"M40b_no phylogney"
"437","M40c",NA,1746,"M40c_no phylogney"
"438","M40d",37.6,1558,"M40d_pezizifera"
"439","M40d",27.5,1487,"M40d_pezizifera"
"440","M40d",46.5,766,"M40d_pezizifera"
"441","M40d",36.3,765,"M40d_pezizifera"
"442","M41",40.1,777,"M41_ulei"
"443","M41",33.9,778,"M41_ulei"
"444","M5",40.4,1458,"M5_lateriflora"
"445","M5",70.7,1457,"M5_lateriflora"
"446","M5",40.2,736,"M5_lateriflora"
"447","M5",23.7,737,"M5_lateriflora"
"448","M5",33.6,735,"M5_lateriflora"
"449","M51",43.7,792,"M51_pezizifera"
"450","M51",48.7,790,"M51_pezizifera"
"451","M51",41.7,1827,"M51_pezizifera"
"452","M51",46.2,791,"M51_pezizifera"
"453","M51",40.5,1875,"M51_pezizifera"
"454","M51",32.3,1904,"M51_pezizifera"
"455","M57",52,793,"M57_capitata12"
"456","M57",59,772,"M57_capitata12"
"457","M57",52.4,1825,"M57_capitata12"
"458","M57",64.2,769,"M57_capitata12"
"459","M59",36.5,794,"M59_lomatophylla"
"460","M59",30.7,795,"M59_lomatophylla"
"461","M60",38.1,797,"M60_M18"
"462","M60",31,2144,"M60_M18"
"463","M60",27.8,1829,"M60_M18"
"464","M60",21.7,780,"M60_M18"
"465","M60",41.7,779,"M60_M18"
"466","M61",39.5,782,"M61_brevialata"
"467","M61",31.5,1826,"M61_brevialata"
"468","M61",37.5,798,"M61_brevialata"
"469","M61",34.7,781,"M61_brevialata"
"470","M61",22.8,1844,"M61_brevialata"
"471","M63",41.8,1403,"M63_umbellifera"
"472","M63",47,783,"M63_umbellifera"
"473","M63",57.3,784,"M63_umbellifera"
"474","M63",58.8,1410,"M63_umbellifera"
"475","M68",30.8,796,"M68_heterophylla"
"476","M69",44.7,803,"M69_splendens"
"477","M69",39.6,802,"M69_splendens"
"478","M70",60.2,1367,"M70_cordatoalata"
"479","M70",52.1,1812,"M70_cordatoalata"
"480","M70",30.2,1379,"M70_cordatoalata"
"481","M71",42.6,805,"M71_M71"
"482","M71",44.7,804,"M71_M71"
"483","M71",40.9,1848,"M71_M71"
"484","M8",42,1447,"M8_M30"
"485","M8",35.9,739,"M8_M30"
"486","M8",34.3,738,"M8_M30"
"487","M8",33.8,740,"M8_M30"
"488","M8",41.6,1446,"M8_M30"
"489","M9",52.9,1691,"M9_stipularis"
"490","M9",63,741,"M9_stipularis"
"491","M9",38.1,743,"M9_stipularis"
"492","M9",46.1,742,"M9_stipularis"
"493","M9",59.2,1684,"M9_stipularis"
"494","N1",19.9,1250,"N1_striata"
"495","N1",41.6,1308,"N1_striata"
"496","N1",36.6,1311,"N1_striata"
"497","N1",34.4,1310,"N1_striata"
"498","N1",38.9,1309,"N1_striata"
"499","N1",32.6,2133,"N1_striata"
"500","N10",52.5,1369,"N10_capitata35"
"501","N10",57.3,1248,"N10_capitata35"
"502","N10",60.2,1297,"N10_capitata35"
"503","N10",53.4,1857,"N10_capitata35"
"504","N11",18.2,1522,"N11_cayennensis"
"505","N11",21,1274,"N11_cayennensis"
"506","N11",28.6,1668,"N11_cayennensis"
"507","N11",17.5,1551,"N11_cayennensis"
"508","N11",19.4,1552,"N11_cayennensis"
"509","N12",37.5,1553,"N12_cinnamomea"
"510","N12",24.6,1544,"N12_cinnamomea"
"511","N12",33.1,1702,"N12_cinnamomea"
"512","N12",17.3,1543,"N12_cinnamomea"
"513","N12",28.8,1696,"N12_cinnamomea"
"514","N13",37.2,1545,"N13_cylindrica"
"515","N13",35.4,1901,"N13_cylindrica"
"516","N13",44.9,1692,"N13_cylindrica"
"517","N13",35.9,1899,"N13_cylindrica"
"518","N13",43.4,1703,"N13_cylindrica"
"519","N13",38.4,1546,"N13_cylindrica"
"520","N13",53.1,1669,"N13_cylindrica"
"521","N14",38.2,1286,"N14_edulis"
"522","N14",32.6,1295,"N14_edulis"
"523","N14",43.6,1444,"N14_edulis"
"524","N14",36.3,1445,"N14_edulis"
"525","N14",39.9,1287,"N14_edulis"
"526","N15",19.8,1820,"N15_fastuosa"
"527","N15",38.4,1795,"N15_fastuosa"
"528","N15",22,1835,"N15_fastuosa"
"529","N15",30.2,1854,"N15_fastuosa"
"530","N15",32.6,1855,"N15_fastuosa"
"531","N16",21.5,1772,"N16_flagelliformis"
"532","N16",33.8,1771,"N16_flagelliformis"
"533","N16",33.6,1770,"N16_flagelliformis"
"534","N16",32.9,1773,"N16_flagelliformis"
"535","N16",22,1865,"N16_flagelliformis"
"536","N16",29.1,1882,"N16_flagelliformis"
"537","N18",36.9,1774,"N18_gracilifolia"
"538","N18",41.2,1850,"N18_gracilifolia"
"539","N18",44.2,1775,"N18_gracilifolia"
"540","N18",39.5,1871,"N18_gracilifolia"
"541","N18",34.6,1821,"N18_gracilifolia"
"542","N19",31.4,1839,"N19_grandiflora"
"543","N19",32.3,1867,"N19_grandiflora"
"544","N19",28.8,1847,"N19_grandiflora"
"545","N19",19.5,1818,"N19_grandiflora"
"546","N19",34.2,1861,"N19_grandiflora"
"547","N20",43.4,2141,"N20_huberi"
"548","N20",53.9,1721,"N20_huberi"
"549","N20",55.1,1634,"N20_huberi"
"550","N20",54.4,1631,"N20_huberi"
"551","N20",54.4,1720,"N20_huberi"
"552","N21",46,1726,"N21_jenmanii"
"553","N21",45.2,1873,"N21_jenmanii"
"554","N21",48.5,1727,"N21_jenmanii"
"555","N21",42.7,1858,"N21_jenmanii"
"556","N21",41.5,1632,"N21_jenmanii"
"557","N21",39,1888,"N21_jenmanii"
"558","N21",38.2,1851,"N21_jenmanii"
"559","N22",46.6,1869,"N22_acreana"
"560","N22",35.2,1822,"N22_acreana"
"561","N22",39,1802,"N22_acreana"
"562","N22",38,1797,"N22_acreana"
"563","N22",34.9,1801,"N22_acreana"
"564","N23",47.2,1856,"N23_capitata12"
"565","N23",32.5,1819,"N23_capitata12"
"566","N23",44.1,1864,"N23_capitata12"
"567","N23",42.8,1804,"N23_capitata12"
"568","N23",48.4,1805,"N23_capitata12"
"569","N24",51.8,1344,"N24_lateriflora"
"570","N24",29.3,1331,"N24_lateriflora"
"571","N24",41.6,1354,"N24_lateriflora"
"572","N25",37.1,1312,"N25_laurina"
"573","N25",38.5,1313,"N25_laurina"
"574","N25",44.5,1269,"N25_laurina"
"575","N25",46.8,1288,"N25_laurina"
"576","N25",63.9,1271,"N25_laurina"
"577","N25",35.7,1289,"N25_laurina"
"578","N26",34.6,1348,"N26_leiocalycina"
"579","N26",26.8,1879,"N26_leiocalycina"
"580","N26",40.1,1340,"N26_leiocalycina"
"581","N26",35.8,1349,"N26_leiocalycina"
"582","N26",36.4,1872,"N26_leiocalycina"
"583","N26",50.3,1339,"N26_leiocalycina"
"584","N26",38.6,1338,"N26_leiocalycina"
"585","N27",33,1272,"N27_lomatophylla"
"586","N27",29.8,1645,"N27_lomatophylla"
"587","N27",19.9,1807,"N27_lomatophylla"
"588","N27",20,1803,"N27_lomatophylla"
"589","N27",24.8,1806,"N27_lomatophylla"
"590","N28",24.1,1823,"N28_longiflora"
"591","N28",31.5,1838,"N28_longiflora"
"592","N28",24.8,1840,"N28_longiflora"
"593","N28",40.4,1251,"N28_longiflora"
"594","N28",34.8,1841,"N28_longiflora"
"595","N29",42.6,1654,"N29_longipedunculata"
"596","N29",47.1,1657,"N29_longipedunculata"
"597","N29",44.3,1656,"N29_longipedunculata"
"598","N29",43.1,1655,"N29_longipedunculata"
"599","N29",40.8,1653,"N29_longipedunculata"
"600","N3",41.7,1303,"N3_acrocephala"
"601","N3",42.7,1305,"N3_acrocephala"
"602","N3",47,1306,"N3_acrocephala"
"603","N3",44.7,1304,"N3_acrocephala"
"604","N3",43.8,1307,"N3_acrocephala"
"605","N30",27.6553106212424,2804,"N30_loubryana"
"606","N30",41.3385826771655,2803,"N30_loubryana"
"607","N31",35.5,1332,"N31_marginata"
"608","N31",37.1,1334,"N31_marginata"
"609","N31",13.9,1471,"N31_marginata"
"610","N31",32.3,1345,"N31_marginata"
"611","N31",38.9,1290,"N31_marginata"
"612","N31",40.2,1333,"N31_marginata"
"613","N32",33.8,1813,"N32_melinonis"
"614","N32",28.5,2164,"N32_melinonis"
"615","N32",27,1814,"N32_melinonis"
"616","N32",30.7,1794,"N32_melinonis"
"617","N32",27.6,1815,"N32_melinonis"
"618","N32",41,1633,"N32_melinonis"
"619","N32",36.2,2160,"N32_melinonis"
"620","N34",46.8,1347,"N34_nouragensis"
"621","N34",44.5,1336,"N34_nouragensis"
"622","N34",41,2134,"N34_nouragensis"
"623","N34",51.5,1335,"N34_nouragensis"
"624","N34",48.7,1337,"N34_nouragensis"
"625","N34",41.1,1346,"N34_nouragensis"
"626","N35",48.7,1769,"N35_paraensis"
"627","N35",43.8,1870,"N35_paraensis"
"628","N35",39.8,1845,"N35_paraensis"
"629","N35",35.7,1836,"N35_paraensis"
"630","N35",50,1768,"N35_paraensis"
"631","N36",36.8,1507,"N36_pezizifera"
"632","N36",32.4,1503,"N36_pezizifera"
"633","N36",39.8,1506,"N36_pezizifera"
"634","N36",46.4,1501,"N36_pezizifera"
"635","N36",39.6,1502,"N36_pezizifera"
"636","N37",31.4,1330,"N37_poeppigiana"
"637","N37",30.6,1652,"N37_poeppigiana"
"638","N37",31.9,1327,"N37_poeppigiana"
"639","N37",33.8,1329,"N37_poeppigiana"
"640","N37",37.2,1328,"N37_poeppigiana"
"641","N38",43.8,1722,"N38_retinocarpa"
"642","N38",46.3,1695,"N38_retinocarpa"
"643","N38",45.2,1723,"N38_retinocarpa"
"644","N38",57.8,1724,"N38_retinocarpa"
"645","N38",49.3,1725,"N38_retinocarpa"
"646","N38",35.5,2155,"N38_retinocarpa"
"647","N39",36.6,1690,"N39_rubiginosa"
"648","N39",37.4,1646,"N39_rubiginosa"
"649","N39",29.6,1866,"N39_rubiginosa"
"650","N39",32.2,1270,"N39_rubiginosa"
"651","N4",34.6,1504,"N4_alata"
"652","N4",32.5,1455,"N4_alata"
"653","N4",29.5,1473,"N4_alata"
"654","N4",40.3,1575,"N4_alata"
"655","N4",37.7,1576,"N4_alata"
"656","N4",33.1,1505,"N4_alata"
"657","N4",32.9,1472,"N4_alata"
"658","N40",45.2,1649,"N40_splendens"
"659","N40",41.7,1651,"N40_splendens"
"660","N40",45.1,1650,"N40_splendens"
"661","N40",46.4,1648,"N40_splendens"
"662","N40",46,1647,"N40_splendens"
"663","N41",57.9,1704,"N41_stipularis"
"664","N41",59.6,1579,"N41_stipularis"
"665","N41",66.7,1796,"N41_stipularis"
"666","N41",46.6,1580,"N41_stipularis"
"667","N42",25.7,1352,"N42_thibaudiana"
"668","N42",34.8,1353,"N42_thibaudiana"
"669","N42",29.7,1341,"N42_thibaudiana"
"670","N42",36.3,1350,"N42_thibaudiana"
"671","N42",31.5,1351,"N42_thibaudiana"
"672","N46",48.6,1799,"N46_virgultosa"
"673","N46",29,1809,"N46_virgultosa"
"674","N46",37.1,1810,"N46_virgultosa"
"675","N46",30.3,1811,"N46_virgultosa"
"676","N46",30,1808,"N46_virgultosa"
"677","N5",38.3,1296,"N5_alba"
"678","N5",30.6,1294,"N5_alba"
"679","N5",25.6,1573,"N5_alba"
"680","N5",40.3,1293,"N5_alba"
"681","N5",25.5,1557,"N5_alba"
"682","N50",47.5,2224,"N50_Zygia mediana"
"683","N50",41.7,2225,"N50_Zygia mediana"
"684","N53",43.1,1273,"N53_sapindoides"
"685","N54",43.1,2310,"N54_pezizifera"
"686","N54",57.5,1247,"N54_pezizifera"
"687","N54",49.7,2226,"N54_pezizifera"
"688","N54",41.5,2307,"N54_pezizifera"
"689","N54",54.3,2306,"N54_pezizifera"
"690","N6",48.8,1300,"N6_auristellae"
"691","N6",47.5,1301,"N6_auristellae"
"692","N6",47.6,1298,"N6_auristellae"
"693","N6",49.7,1302,"N6_auristellae"
"694","N6",46.2,1299,"N6_auristellae"
"695","N65",48.3,1128,"N65_umbellifera"
"696","N65",54.5,1211,"N65_umbellifera"
"697","N65",41.2,1116,"N65_umbellifera"
"698","N65",37.2,1209,"N65_umbellifera"
"699","N65",40.2,1127,"N65_umbellifera"
"700","N65",48.6,1090,"N65_umbellifera"
"701","N65",53.5,1112,"N65_umbellifera"
"702","N65",50.5,1233,"N65_umbellifera"
"703","N65",42.3,1091,"N65_umbellifera"
"704","N65",35.6,1111,"N65_umbellifera"
"705","N65",52.3,1234,"N65_umbellifera"
"706","N65",40.5,1072,"N65_umbellifera"
"707","N65",42.2,1110,"N65_umbellifera"
"708","N65",42.8,1114,"N65_umbellifera"
"709","N65",24.7,1232,"N65_umbellifera"
"710","N65",50.3,1125,"N65_umbellifera"
"711","N65",36.2,1096,"N65_umbellifera"
"712","N65",36.2,1215,"N65_umbellifera"
"713","N65",52.2,1126,"N65_umbellifera"
"714","N65",44.1,1106,"N65_umbellifera"
"715","N65",21.3,1282,"N65_umbellifera"
"716","N65",24.6,1216,"N65_umbellifera"
"717","N65",48.1,1130,"N65_umbellifera"
"718","N65",42.5,1069,"N65_umbellifera"
"719","N65",45.8,1206,"N65_umbellifera"
"720","N65",51,1115,"N65_umbellifera"
"721","N65",22.7,1276,"N65_umbellifera"
"722","N65",52.3,1122,"N65_umbellifera"
"723","N65",63.6,1201,"N65_umbellifera"
"724","N65",23.4,1231,"N65_umbellifera"
"725","N65",52.6,1280,"N65_umbellifera"
"726","N66",35.7,1210,"N66_umbellifera.aff"
"727","N66",43.3,1123,"N66_umbellifera.aff"
"728","N66",19.5,1284,"N66_umbellifera.aff"
"729","N66",39.1,1089,"N66_umbellifera.aff"
"730","N66",44.6,1124,"N66_umbellifera.aff"
"731","N66",44.6,1200,"N66_umbellifera.aff"
"732","N66",29.9,1109,"N66_umbellifera.aff"
"733","N66",28.2,1098,"N66_umbellifera.aff"
"734","N66",27.6,1101,"N66_umbellifera.aff"
"735","N66",34.4,1285,"N66_umbellifera.aff"
"736","N66",38.3,1212,"N66_umbellifera.aff"
"737","N66",36.6,1203,"N66_umbellifera.aff"
"738","N66",42.5,1214,"N66_umbellifera.aff"
"739","N66",44.2,1088,"N66_umbellifera.aff"
"740","N66",42.8,1087,"N66_umbellifera.aff"
"741","N66",42.2,1199,"N66_umbellifera.aff"
"742","N66",32.8,1104,"N66_umbellifera.aff"
"743","N66",41.7,1281,"N66_umbellifera.aff"
"744","N66",37.2,1202,"N66_umbellifera.aff"
"745","N66",33.2,1268,"N66_umbellifera.aff"
"746","N66",25.2,1129,"N66_umbellifera.aff"
"747","N66",21.8,1198,"N66_umbellifera.aff"
"748","N66",41,1277,"N66_umbellifera.aff"
"749","N66",41.9,1121,"N66_umbellifera.aff"
"750","N66",27.9,1073,"N66_umbellifera.aff"
"751","N66",37.9,1118,"N66_umbellifera.aff"
"752","N66",27.4,1097,"N66_umbellifera.aff"
"753","N66",23.1,1278,"N66_umbellifera.aff"
"754","N66",41.4,1092,"N66_umbellifera.aff"
"755","N66",35.4,1207,"N66_umbellifera.aff"
"756","N66",43.8,1105,"N66_umbellifera.aff"
"757","N66",37.9,1103,"N66_umbellifera.aff"
"758","N66",24.7,1120,"N66_umbellifera.aff"
"759","N66",46.7,1071,"N66_umbellifera.aff"
"760","N66",36.9,1197,"N66_umbellifera.aff"
"761","N66",22.2,1208,"N66_umbellifera.aff"
"762","N66",39.6,1113,"N66_umbellifera.aff"
"763","N66",19.8,1279,"N66_umbellifera.aff"
"764","N66",41,1213,"N66_umbellifera.aff"
"765","N66",47.9,1117,"N66_umbellifera.aff"
"766","N66",31.7,1094,"N66_umbellifera.aff"
"767","N66",23.9,1283,"N66_umbellifera.aff"
"768","N66",36.5,1235,"N66_umbellifera.aff"
"769","N66",35.7,1108,"N66_umbellifera.aff"
"770","N67",56.8,1070,"N67_umbellifera"
"771","N67",52.7,1107,"N67_umbellifera"
"772","N67",54.2,1093,"N67_umbellifera"
"773","N67",22.3,1204,"N67_umbellifera"
"774","N67",57.4,1205,"N67_umbellifera"
"775","N67",43.7,1102,"N67_umbellifera"
"776","N67",49.3,1095,"N67_umbellifera"
"777","N7",22.8,1539,"N7_bourgonii"
"778","N7",16.6,1540,"N7_bourgonii"
"779","N7",46.8,1699,"N7_bourgonii"
"780","N7",35.3,1701,"N7_bourgonii"
"781","N7",37.1,1700,"N7_bourgonii"
"782","N8",51.7,1249,"N8_brachystachys"
"783","N8",22.5,1541,"N8_brachystachys"
"784","N8",36.6,1574,"N8_brachystachys"
"785","N8",33.8,1670,"N8_brachystachys"
"786","N8",32.2,1542,"N8_brachystachys"
"787","N9",54,1079,"N9_brevipes"
"788","N9",53.6,1076,"N9_brevipes"
"789","N9",60.2,1075,"N9_brevipes"
"790","N9",51.4,1077,"N9_brevipes"
"791","N9",49.6,1074,"N9_brevipes"
"792","N9",43.9,1217,"N9_brevipes"
"793","N9",47.7,1078,"N9_brevipes"
"794","T05",23.5,1259,"T05_sapindoides"
"795","T05",35.8,1499,"T05_sapindoides"
"796","T05",31,1480,"T05_sapindoides"
"797","T05",35.6,1253,"T05_sapindoides"
"798","T05",37.9,1478,"T05_sapindoides"
"799","T05",23.1,1474,"T05_sapindoides"
"800","T05",31.4,1500,"T05_sapindoides"
"801","T05",44.7,1494,"T05_sapindoides"
"802","T05",40.5,1747,"T05_sapindoides"
"803","T07",34.6,2136,"T07_nobilis"
"804","T07",42.9,1023,"T07_nobilis"
"805","T07",39.4,1021,"T07_nobilis"
"806","T07",48.6,1315,"T07_nobilis"
"807","T07",29.1,2140,"T07_nobilis"
"808","T07",38.6,1883,"T07_nobilis"
"809","T07",37.4,1022,"T07_nobilis"
"810","T07",30.4,1024,"T07_nobilis"
"811","T07",31.1,1025,"T07_nobilis"
"812","T09",27.1,848,"T09_venusta"
"813","T09",27.5,846,"T09_venusta"
"814","T09",34.1,1439,"T09_venusta"
"815","T09",26.9,847,"T09_venusta"
"816","T09",42.5,1436,"T09_venusta"
"817","T09",48.9,1438,"T09_venusta"
"818","T09",46.7,1518,"T09_venusta"
"819","T09",49.5,1437,"T09_venusta"
"820","T09",46,1260,"T09_venusta"
"821","T11",41.7,1266,"T11_vismiifolia"
"822","T11",26.4,1837,"T11_vismiifolia"
"823","T11",42,1316,"T11_vismiifolia"
"824","T11",45.1,1317,"T11_vismiifolia"
"825","T11",41.8,1318,"T11_vismiifolia"
"826","T12",29.9,1031,"T12_velutina"
"827","T12",35.9,1032,"T12_velutina"
"828","T13",34.5,1229,"T13_no phylogney"
"829","T18",39.3,1225,"T18_T18"
"830","T18",41.4,1497,"T18_T18"
"831","T18",26.9,855,"T18_T18"
"832","T18",27.3,856,"T18_T18"
"833","T18",25.6,1230,"T18_T18"
"834","T18",39.3,1223,"T18_T18"
"835","T18",34.7,1498,"T18_T18"
"836","T18",40,1453,"T18_T18"
"837","T18",36.9,1454,"T18_T18"
"838","T18",35.5,1222,"T18_T18"
"839","T18",35.5,1516,"T18_T18"
"840","T18",28.6,857,"T18_T18"
"841","T18",34.9,1492,"T18_T18"
"842","T19",NA,997,"T19_cylindrica"
"843","T19",NA,1171,"T19_cylindrica"
"844","T19",19.7,873,"T19_cylindrica"
"845","T19",NA,1169,"T19_cylindrica"
"846","T19",38.5,965,"T19_cylindrica"
"847","T19",43.7,962,"T19_cylindrica"
"848","T19",16.9,949,"T19_cylindrica"
"849","T19",20.4,874,"T19_cylindrica"
"850","T19",30.1,1491,"T19_cylindrica"
"851","T19",NA,1135,"T19_cylindrica"
"852","T19",NA,1157,"T19_cylindrica"
"853","T19",35.3,1493,"T19_cylindrica"
"854","T19",NA,1172,"T19_cylindrica"
"855","T19",NA,1170,"T19_cylindrica"
"856","T19",33.8,964,"T19_cylindrica"
"857","T19",40.4,963,"T19_cylindrica"
"858","T19",26.5,1496,"T19_cylindrica"
"859","T19",16.2,950,"T19_cylindrica"
"860","T19",40.9,974,"T19_cylindrica"
"861","T19",20.1,875,"T19_cylindrica"
"862","T19",NA,1133,"T19_cylindrica"
"863","T19",35.4,1227,"T19_cylindrica"
"864","T19",NA,1190,"T19_cylindrica"
"865","T19",NA,1156,"T19_cylindrica"
"866","T19",NA,1134,"T19_cylindrica"
"867","T20",NA,1137,"T20_laurina"
"868","T20",NA,1154,"T20_laurina"
"869","T20",NA,1174,"T20_laurina"
"870","T20",48.5,976,"T20_laurina"
"871","T20",NA,1167,"T20_laurina"
"872","T20",52.3,961,"T20_laurina"
"873","T20",22.6,878,"T20_laurina"
"874","T20",NA,1168,"T20_laurina"
"875","T20",39.2,1219,"T20_laurina"
"876","T20",51.6,959,"T20_laurina"
"877","T20",24.6,876,"T20_laurina"
"878","T20",NA,1138,"T20_laurina"
"879","T20",NA,1136,"T20_laurina"
"880","T20",40.5,960,"T20_laurina"
"881","T20",16.1,945,"T20_laurina"
"882","T20",20.8,877,"T20_laurina"
"883","T20",NA,994,"T20_laurina"
"884","T20",NA,1166,"T20_laurina"
"885","T20",NA,1173,"T20_laurina"
"886","T20",NA,993,"T20_laurina"
"887","T20",42.1,975,"T20_laurina"
"888","T20",NA,1187,"T20_laurina"
"889","T20",24.3,946,"T20_laurina"
"890","T21a",55,1433,"T21a_T21"
"891","T21a",55.3,1434,"T21a_T21"
"892","T21a",51.3,1874,"T21a_T21"
"893","T21a",63.5,1326,"T21a_T21"
"894","T21a",59.9,1432,"T21a_T21"
"895","T21a",28.5,840,"T21a_T21"
"896","T21a",57.8,1435,"T21a_T21"
"897","T21a",28.8,842,"T21a_T21"
"898","T22",NA,1180,"T22_tenuistipula"
"899","T22",24.2,955,"T22_tenuistipula"
"900","T22",27,951,"T22_tenuistipula"
"901","T22",NA,1160,"T22_tenuistipula"
"902","T22",45.5,980,"T22_tenuistipula"
"903","T22",48.2,981,"T22_tenuistipula"
"904","T22",26.1,954,"T22_tenuistipula"
"905","T22",46.8,979,"T22_tenuistipula"
"906","T22",22.5,952,"T22_tenuistipula"
"907","T22",NA,1178,"T22_tenuistipula"
"908","T22",NA,1161,"T22_tenuistipula"
"909","T22",NA,1162,"T22_tenuistipula"
"910","T22",44.5,982,"T22_tenuistipula"
"911","T22",25.6,953,"T22_tenuistipula"
"912","T22",40.2,983,"T22_tenuistipula"
"913","T22",NA,1158,"T22_tenuistipula"
"914","T22",NA,1176,"T22_tenuistipula"
"915","T22",NA,1177,"T22_tenuistipula"
"916","T22",NA,1159,"T22_tenuistipula"
"917","T22",NA,1179,"T22_tenuistipula"
"918","T23",25.8,850,"T23_sertulifera"
"919","T23",34,1015,"T23_sertulifera"
"920","T23",37.1,1428,"T23_sertulifera"
"921","T23",36.8,1014,"T23_sertulifera"
"922","T23",44.9,1004,"T23_sertulifera"
"923","T23",54.1,1429,"T23_sertulifera"
"924","T23",33.6,2211,"T23_sertulifera"
"925","T23",39.3,1431,"T23_sertulifera"
"926","T23",46.9,1005,"T23_sertulifera"
"927","T23",52,1358,"T23_sertulifera"
"928","T23",51.9,1520,"T23_sertulifera"
"929","T23",23.4,851,"T23_sertulifera"
"930","T23",27.9,849,"T23_sertulifera"
"931","T23",45.5,1430,"T23_sertulifera"
"932","T23",51.2,1256,"T23_sertulifera"
"933","T23",51.7,1357,"T23_sertulifera"
"934","T23",49.7,1003,"T23_sertulifera"
"935","T25",41.2,1252,"T25_multinervis"
"936","T25",27.6,1519,"T25_multinervis"
"937","T25",42.4,1448,"T25_multinervis"
"938","T25",32.2,1449,"T25_multinervis"
"939","T25",40.8,1450,"T25_multinervis"
"940","T29",27,923,"T29_T29"
"941","T29",22.4,1877,"T29_T29"
"942","T29",22.4,1254,"T29_T29"
"943","T29",23.2,2147,"T29_T29"
"944","T29",15.4,1894,"T29_T29"
"945","T29",27.3,1243,"T29_T29"
"946","T29",36.9,1034,"T29_T29"
"947","T29",41.6,926,"T29_T29"
"948","T29",23.1,841,"T29_T29"
"949","T29",37,922,"T29_T29"
"950","T29",18.7,845,"T29_T29"
"951","T29",17.8,843,"T29_T29"
"952","T29",37.9,1033,"T29_T29"
"953","T29",19.4,844,"T29_T29"
"954","T29",23.5,1515,"T29_T29"
"955","T33",26.5,901,"T33_capitata33"
"956","T33",64,925,"T33_capitata33"
"957","T33",27.3,871,"T33_capitata33"
"958","T33",58.7,1224,"T33_capitata33"
"959","T33",24.5,903,"T33_capitata33"
"960","T33",25.4,902,"T33_capitata33"
"961","T33",49.6,838,"T33_capitata33"
"962","T33",27.1,870,"T33_capitata33"
"963","T33",26.6,836,"T33_capitata33"
"964","T33",27.3,834,"T33_capitata33"
"965","T33",68.2,1013,"T33_capitata33"
"966","T33",64,932,"T33_capitata33"
"967","T33",26.4,833,"T33_capitata33"
"968","T33",69.7,1228,"T33_capitata33"
"969","T33",27.2,828,"T33_capitata33"
"970","T33",34.3,2151,"T33_capitata33"
"971","T33",61.5,1011,"T33_capitata33"
"972","T33",31.5,835,"T33_capitata33"
"973","T33",28.6,831,"T33_capitata33"
"974","T33",28.6,830,"T33_capitata33"
"975","T33",55.4,916,"T33_capitata33"
"976","T33",69,929,"T33_capitata33"
"977","T33",68.6,1244,"T33_capitata33"
"978","T33",26.5,898,"T33_capitata33"
"979","T33",51.2,920,"T33_capitata33"
"980","T33",42.1,919,"T33_capitata33"
"981","T33",24.2,839,"T33_capitata33"
"982","T33",62.3,918,"T33_capitata33"
"983","T33",26.2,872,"T33_capitata33"
"984","T33",22.8,829,"T33_capitata33"
"985","T33",57.2,917,"T33_capitata33"
"986","T33",26.5,832,"T33_capitata33"
"987","T35",53.2,1905,"T35_brachyrhachis.aff"
"988","T35",26.8,837,"T35_brachyrhachis.aff"
"989","T35",73.6,1008,"T35_brachyrhachis.aff"
"990","T35",66.1,905,"T35_brachyrhachis.aff"
"991","T35",38.9,827,"T35_brachyrhachis.aff"
"992","T35",28,825,"T35_brachyrhachis.aff"
"993","T35",55.6,930,"T35_brachyrhachis.aff"
"994","T35",64.1,2209,"T35_brachyrhachis.aff"
"995","T35",63.8,924,"T35_brachyrhachis.aff"
"996","T35",66.7,1687,"T35_brachyrhachis.aff"
"997","T35",71.6,906,"T35_brachyrhachis.aff"
"998","T35",68.4,1012,"T35_brachyrhachis.aff"
"999","T35",73.1,1241,"T35_brachyrhachis.aff"
"1000","T35",29.3,894,"T35_brachyrhachis.aff"
"1001","T35",30.3,824,"T35_brachyrhachis.aff"
"1002","T35",34.5,931,"T35_brachyrhachis.aff"
"1003","T35",70.9,1007,"T35_brachyrhachis.aff"
"1004","T35",30.3,882,"T35_brachyrhachis.aff"
"1005","T35",32.2,826,"T35_brachyrhachis.aff"
"1006","T35",31.7,880,"T35_brachyrhachis.aff"
"1007","T35",54.3,1237,"T35_brachyrhachis.aff"
"1008","T35",70,928,"T35_brachyrhachis.aff"
"1009","T35",72,909,"T35_brachyrhachis.aff"
"1010","T35",73.5,907,"T35_brachyrhachis.aff"
"1011","T35",69.1,921,"T35_brachyrhachis.aff"
"1012","T35",74.2,904,"T35_brachyrhachis.aff"
"1013","T35",65.9,1239,"T35_brachyrhachis.aff"
"1014","T35",72,927,"T35_brachyrhachis.aff"
"1015","T35",64.7,908,"T35_brachyrhachis.aff"
"1016","T35",74,1006,"T35_brachyrhachis.aff"
"1017","T35",29.3,881,"T35_brachyrhachis.aff"
"1018","T49",39.4,1325,"T49_no phylogney"
"1019","T49",34.9,1324,"T49_no phylogney"
"1020","T50",58.4,973,"T50_T50"
"1021","T50",50.8,972,"T50_T50"
"1022","T50",56.7,1261,"T50_T50"
"1023","T50",52.2,969,"T50_T50"
"1024","T50",29.6,890,"T50_T50"
"1025","T50",28,889,"T50_T50"
"1026","T50",52.7,940,"T50_T50"
"1027","T50",59.8,971,"T50_T50"
"1028","T50",44,970,"T50_T50"
"1029","T51",43,1255,"T51_T51"
"1030","T51",38.9,1425,"T51_T51"
"1031","T51",43.5,1426,"T51_T51"
"1032","T51",44.9,1427,"T51_T51"
"1033","T51",42.5,1424,"T51_T51"
"1034","T51",30.7,2309,"T51_T51"
"1035","T55",38.6,1263,"T55_kursarii"
"1036","T55",37.9,1461,"T55_kursarii"
"1037","T55",51.1,1451,"T55_kursarii"
"1038","T55",37,1462,"T55_kursarii"
"1039","T55",34.8,1452,"T55_kursarii"
"1040","T56",53.8,978,"T56_acreana"
"1041","T56",57.4,1010,"T56_acreana"
"1042","T56",55.5,1193,"T56_acreana"
"1043","T56",33.4,1195,"T56_acreana"
"1044","T56",NA,1139,"T56_acreana"
"1045","T56",NA,1153,"T56_acreana"
"1046","T56",53.8,1221,"T56_acreana"
"1047","T56",54.5,1362,"T56_acreana"
"1048","T56",37.2,1194,"T56_acreana"
"1049","T56",39.2,977,"T56_acreana"
"1050","T56",NA,1378,"T56_acreana"
"1051","T56",58.7,912,"T56_acreana"
"1052","T56",NA,1141,"T56_acreana"
"1053","T56",22.1,885,"T56_acreana"
"1054","T56",50.8,910,"T56_acreana"
"1055","T56",29.9,1196,"T56_acreana"
"1056","T56",53.4,1314,"T56_acreana"
"1057","T56",NA,1189,"T56_acreana"
"1058","T56",55.7,1360,"T56_acreana"
"1059","T56",61.3,911,"T56_acreana"
"1060","T56",NA,996,"T56_acreana"
"1061","T56",51.5,1366,"T56_acreana"
"1062","T56",NA,1376,"T56_acreana"
"1063","T56",30.5,884,"T56_acreana"
"1064","T56",63.3,1192,"T56_acreana"
"1065","T56",60.1,1009,"T56_acreana"
"1066","T56",NA,1175,"T56_acreana"
"1067","T56",32.2,943,"T56_acreana"
"1068","T56",NA,1140,"T56_acreana"
"1069","T56",NA,1146,"T56_acreana"
"1070","T56",NA,1152,"T56_acreana"
"1071","T56",NA,1144,"T56_acreana"
"1072","T56",NA,1145,"T56_acreana"
"1073","T56",53.4,1191,"T56_acreana"
"1074","T56",NA,1377,"T56_acreana"
"1075","T56",30,883,"T56_acreana"
"1076","T56",33.9,1359,"T56_acreana"
"1077","T56",54.1,1361,"T56_acreana"
"1078","T56",NA,1375,"T56_acreana"
"1079","T56",30.4,944,"T56_acreana"
"1080","T57",42.4,1321,"T57_alata"
"1081","T57",39.4,1319,"T57_alata"
"1082","T57",41,1323,"T57_alata"
"1083","T57",36.9,1320,"T57_alata"
"1084","T57",45,1322,"T57_alata"
"1085","T57",48.1,1220,"T57_alata"
"1086","T58",35.5,1043,"T58_alba"
"1087","T58",27.6,1044,"T58_alba"
"1088","T58",32.8,1042,"T58_alba"
"1089","T58",36.8,1267,"T58_alba"
"1090","T58",39.2,1483,"T58_alba"
"1091","T59",NA,1181,"T59_auristellae"
"1092","T59",NA,990,"T59_auristellae"
"1093","T59",NA,1164,"T59_auristellae"
"1094","T59",23.8,958,"T59_auristellae"
"1095","T59",NA,1155,"T59_auristellae"
"1096","T59",NA,1182,"T59_auristellae"
"1097","T59",NA,1163,"T59_auristellae"
"1098","T59",NA,1186,"T59_auristellae"
"1099","T59",18.7,957,"T59_auristellae"
"1100","T59",NA,1165,"T59_auristellae"
"1101","T59",20.6,947,"T59_auristellae"
"1102","T59",NA,1184,"T59_auristellae"
"1103","T59",46.9,984,"T59_auristellae"
"1104","T59",59.8,988,"T59_auristellae"
"1105","T59",NA,991,"T59_auristellae"
"1106","T59",NA,1185,"T59_auristellae"
"1107","T59",24.2,956,"T59_auristellae"
"1108","T59",NA,992,"T59_auristellae"
"1109","T59",18.4,989,"T59_auristellae"
"1110","T59",NA,1183,"T59_auristellae"
"1111","T59",52.2,985,"T59_auristellae"
"1112","T59",43.4,986,"T59_auristellae"
"1113","T60",38.1,913,"T60_bourgonii"
"1114","T60",21.7,888,"T60_bourgonii"
"1115","T60",21.5,887,"T60_bourgonii"
"1116","T60",32.7,2173,"T60_bourgonii"
"1117","T60",32.4,2172,"T60_bourgonii"
"1118","T60",39.8,915,"T60_bourgonii"
"1119","T60",32.8,2156,"T60_bourgonii"
"1120","T60",21.4,886,"T60_bourgonii"
"1121","T60",39.9,914,"T60_bourgonii"
"1122","T62",25.6,1264,"T62_aria"
"1123","T62",37.8,1372,"T62_aria"
"1124","T62",29.5,1371,"T62_aria"
"1125","T62",34.6,1374,"T62_aria"
"1126","T62",34.6,1373,"T62_aria"
"1127","T62",37.1,1370,"T62_aria"
"1128","T63",39.1,1051,"T63_subcapitata"
"1129","T63",48.1,1236,"T63_subcapitata"
"1130","T63",47.3,1050,"T63_subcapitata"
"1131","T63",47.7,1065,"T63_subcapitata"
"1132","T63",49.3,1052,"T63_subcapitata"
"1133","T63",36.8,1064,"T63_subcapitata"
"1134","T64",51,1002,"T64_cordatoalata"
"1135","T64",48.2,999,"T64_cordatoalata"
"1136","T64",47,1000,"T64_cordatoalata"
"1137","T64",25.5,1258,"T64_cordatoalata"
"1138","T64",40.5,1292,"T64_cordatoalata"
"1139","T64",39,1001,"T64_cordatoalata"
"1140","T64",50.5,998,"T64_cordatoalata"
"1141","T65",43,1016,"T65_leiocalycina.aff"
"1142","T65",42.4,1017,"T65_leiocalycina.aff"
"1143","T65",43.9,1020,"T65_leiocalycina.aff"
"1144","T65",31.6,1084,"T65_leiocalycina.aff"
"1145","T65",42.6,1275,"T65_leiocalycina.aff"
"1146","T65",36.6,1018,"T65_leiocalycina.aff"
"1147","T65",39.8,1019,"T65_leiocalycina.aff"
"1148","T67a",39.5,1081,"T67a_edulis"
"1149","T67a",33.2,1744,"T67a_edulis"
"1150","T67a",32.4,1743,"T67a_edulis"
"1151","T67a",32.3,1068,"T67a_edulis"
"1152","T67a",34.3,1735,"T67a_edulis"
"1153","T67a",19.5,892,"T67a_edulis"
"1154","T67a",28.9,1245,"T67a_edulis"
"1155","T67a",30,1737,"T67a_edulis"
"1156","T67a",23.5,891,"T67a_edulis"
"1157","T67a",28,1740,"T67a_edulis"
"1158","T67a",15.9,1843,"T67a_edulis"
"1159","T67b",41.3,1083,"T67b_edulis"
"1160","T67b",29.5,1734,"T67b_edulis"
"1161","T67b",34.7,1080,"T67b_edulis"
"1162","T67b",34.7,1082,"T67b_edulis"
"1163","T67b",35.8,1066,"T67b_edulis"
"1164","T67b",45,1742,"T67b_edulis"
"1165","T67b",33.7,1067,"T67b_edulis"
"1166","T67b",31,1736,"T67b_edulis"
"1167","T67b",NA,1749,"T67b_edulis"
"1168","T68",24.1,1495,"T68_punctata"
"1169","T68",23.8,1484,"T68_punctata"
"1170","T68",36.4,1242,"T68_punctata"
"1171","T68",32.9,1419,"T68_punctata"
"1172","T68",31.3,1417,"T68_punctata"
"1173","T68",28.7,1416,"T68_punctata"
"1174","T68",29.5,1895,"T68_punctata"
"1175","T68",41.8,1418,"T68_punctata"
"1176","T68",40.8,1902,"T68_punctata"
"1177","T69",43.7,1521,"T69_ruiziana"
"1178","T69",47.6,1421,"T69_ruiziana"
"1179","T69",47.4,1422,"T69_ruiziana"
"1180","T69",37.9,1420,"T69_ruiziana"
"1181","T69",50.4,1238,"T69_ruiziana"
"1182","T69",44.1,1423,"T69_ruiziana"
"1183","T70",43.1,1385,"T70_spectabilis"
"1184","T70",44.1,1386,"T70_spectabilis"
"1185","T70",44.4,1517,"T70_spectabilis"
"1186","T70",39.1,1383,"T70_spectabilis"
"1187","T70",28.9,1218,"T70_spectabilis"
"1188","T70",53.1,1384,"T70_spectabilis"
"1189","T70",44.6,1897,"T70_spectabilis"
"1190","T71",38.4,1246,"T71_thibaudiana"
"1191","T71",30,1040,"T71_thibaudiana"
"1192","T71",34,1343,"T71_thibaudiana"
"1193","T71",30.3,1041,"T71_thibaudiana"
"1194","T71",33.4,1240,"T71_thibaudiana"
"1195","T71",33.1,1037,"T71_thibaudiana"
"1196","T71",37.1,1039,"T71_thibaudiana"
"1197","T71",30.1,1038,"T71_thibaudiana"
"1198","T72",44.9,968,"T72_microcoma"
"1199","T72",26.8,852,"T72_microcoma"
"1200","T72",23.5,893,"T72_microcoma"
"1201","T72",26.3,899,"T72_microcoma"
"1202","T72",27.7,967,"T72_microcoma"
"1203","T72",33.9,966,"T72_microcoma"
"1204","T72",27.9,853,"T72_microcoma"
"1205","T72",23.5,854,"T72_microcoma"
"1206","T72",24.3,900,"T72_microcoma"
"1207","T72",35.2,942,"T72_microcoma"
"1208","T72",39.1,938,"T72_microcoma"
"1209","T72",27.1,941,"T72_microcoma"
"1210","T72",39.7,1085,"T72_microcoma"
"1211","T72",42.1,939,"T72_microcoma"
"1212","T72",26.1,1086,"T72_microcoma"
"1213","T73",NA,1132,"T73_umbellifera"
"1214","T73",NA,995,"T73_umbellifera"
"1215","T73",37.7,897,"T73_umbellifera"
"1216","T73",44.9,937,"T73_umbellifera"
"1217","T73",38.3,935,"T73_umbellifera"
"1218","T73",NA,1151,"T73_umbellifera"
"1219","T73",44.1,933,"T73_umbellifera"
"1220","T73",NA,1131,"T73_umbellifera"
"1221","T73",26.8,858,"T73_umbellifera"
"1222","T73",23.9,895,"T73_umbellifera"
"1223","T73",NA,1150,"T73_umbellifera"
"1224","T73",44.8,936,"T73_umbellifera"
"1225","T73",NA,1148,"T73_umbellifera"
"1226","T73",24.3,896,"T73_umbellifera"
"1227","T73",24.9,859,"T73_umbellifera"
"1228","T73",NA,1149,"T73_umbellifera"
"1229","T73",NA,1147,"T73_umbellifera"
"1230","T73",43,934,"T73_umbellifera"
"1231","T73",NA,1142,"T73_umbellifera"
"1232","T73",28.7,860,"T73_umbellifera"
"1233","T73",NA,1143,"T73_umbellifera"
"1234","T73",NA,1188,"T73_umbellifera"
"1235","T74",36.6,1045,"T74_umbratica"
"1236","T74",39.4,1048,"T74_umbratica"
"1237","T74",33.9,1046,"T74_umbratica"
"1238","T74",41.3,1047,"T74_umbratica"
"1239","T74",37,1049,"T74_umbratica"
"1240","T74",40.9,1262,"T74_umbratica"
"1241","T75",34.7,2179,"T75_no phylogney"
"1242","T75",34,2169,"T75_no phylogney"
"1243","T75",39.9,2222,"T75_no phylogney"
"1244","T75",29.5,2154,"T75_no phylogney"
"1245","T75",39,2145,"T75_no phylogney"
"1246","T76",16.3,2163,"T76_Zygia mediana"
"1247","T76",36,2171,"T76_Zygia mediana"
"1248","T76",28.8,2210,"T76_Zygia mediana"
"1249","T82",32.7,1465,"T82_T82"
"1250","T82",21.8,1466,"T82_T82"
"1251","T82",39.8,1291,"T82_T82"
"1252","T82",30.3,1463,"T82_T82"
"1253","T82",29.7,1464,"T82_T82"
"1254","T83",35,1365,"T83_no phylogney"
"1255","T84",23.4,1860,"T84_cinnamomea"
"1256","T84",23.9,1863,"T84_cinnamomea"
"1257","T84",36.1,1036,"T84_cinnamomea"
"1258","T84",32.9,1226,"T84_cinnamomea"
"1259","T84",41.5,1035,"T84_cinnamomea"
"1260","T85",45.5,1100,"T85_T85"
"1261","T85",32.5,1099,"T85_T85"
"1262","T85",24.1,1265,"T85_T85"
"1263","T86",38,1028,"T86_leiocalycina"
"1264","T86",37.6,1030,"T86_leiocalycina"
"1265","T86",31.2,1027,"T86_leiocalycina"
"1266","T86",35.1,1029,"T86_leiocalycina"
"1267","T86",38.4,1257,"T86_leiocalycina"
"1268","T86",41.5,1026,"T86_leiocalycina"
"1269","T88",23.2,948,"T88_T88"
"1270","T88",48.8,987,"T88_T88"
